date,pollution,dew,temp,press,wnd_dir,wnd_spd,rain
1/1/2015 0:00,5.7,-3.6,4.7,0.5,121.8,1.4,0.0
1/2/2015 0:00,8.1,0.7,5.2,0.6,126.7,1.5,0.0
1/3/2015 0:00,8.9,0.7,6.5,0.6,119.1,1.4,0.0
1/4/2015 0:00,8.8,3.1,8.0,0.8,115.7,1.3,0.0
1/5/2015 0:00,8.3,3.3,12.0,0.8,123.0,1.4,0.0
1/6/2015 0:00,6.6,4.1,14.1,0.8,133.7,1.5,0.0
1/7/2015 0:00,5.9,5.3,14.7,0.9,135.0,1.6,0.0
1/8/2015 0:00,4.4,7.3,12.8,1.0,120.4,1.4,0.0
1/9/2015 0:00,5.8,8.0,11.5,1.1,96.8,1.1,0.0
1/10/2015 0:00,6.1,6.2,11.5,1.0,106.2,1.2,0.0
1/11/2015 0:00,7.9,6.9,10.2,1.0,108.6,1.3,0.0
1/12/2015 0:00,8.1,7.2,9.5,1.0,100.9,1.2,0.0
1/13/2015 0:00,8.1,5.5,9.8,0.9,108.0,1.3,0.0
1/14/2015 0:00,6.2,4.6,10.0,0.8,135.1,1.6,0.0
1/15/2015 0:00,6.8,5.0,11.2,0.9,112.8,1.3,0.0
1/16/2015 0:00,8.7,8.0,11.7,1.1,105.2,1.2,0.0
1/17/2015 0:00,7.8,10.4,13.4,1.3,97.0,1.1,0.0
1/18/2015 0:00,8.2,10.9,13.9,1.3,83.2,1.0,0.0
1/19/2015 0:00,6.0,10.0,12.4,1.2,97.3,1.1,0.0
1/20/2015 0:00,5.6,6.9,9.7,1.0,113.6,1.3,0.0
1/21/2015 0:00,5.9,5.3,9.1,0.9,111.5,1.3,0.0
1/22/2015 0:00,7.4,3.9,9.2,0.8,114.5,1.3,0.0
1/23/2015 0:00,7.3,4.4,11.3,0.8,102.0,1.2,0.0
1/24/2015 0:00,5.7,4.3,13.2,0.8,110.5,1.3,0.0
1/25/2015 0:00,1.7,2.1,15.4,0.7,143.6,1.7,0.0
1/26/2015 0:00,2.3,3.2,13.2,0.8,128.5,1.5,0.0
1/27/2015 0:00,2.3,7.5,14.0,1.0,100.7,1.2,0.0
1/28/2015 0:00,6.5,6.4,12.5,1.0,109.7,1.3,0.0
1/29/2015 0:00,6.4,6.2,12.6,0.9,105.0,1.2,0.0
1/30/2015 0:00,8.9,8.1,10.8,1.1,106.7,1.2,0.0
1/31/2015 0:00,6.4,5.6,11.6,0.9,103.6,1.2,0.0
2/1/2015 0:00,3.5,3.7,11.8,0.8,124.4,1.4,0.0
2/2/2015 0:00,6.2,5.6,13.0,0.9,121.7,1.4,0.0
2/3/2015 0:00,8.1,7.8,14.4,1.1,114.6,1.3,0.0
2/4/2015 0:00,7.0,8.8,11.4,1.1,118.4,1.4,0.0
2/5/2015 0:00,4.8,9.6,12.5,1.2,120.8,1.4,0.0
2/6/2015 0:00,7.4,11.1,14.2,1.3,177.1,2.1,0.0
2/7/2015 0:00,2.0,13.1,13.8,1.5,133.8,1.5,0.0
2/8/2015 0:00,4.9,12.7,13.6,1.5,155.8,1.8,0.0
2/9/2015 0:00,7.8,10.9,13.7,1.3,92.4,1.1,0.0
2/10/2015 0:00,4.6,7.2,11.5,1.0,98.5,1.1,0.0
2/11/2015 0:00,4.7,6.7,13.2,1.0,118.7,1.4,0.0
2/12/2015 0:00,5.3,6.2,16.1,0.9,129.2,1.5,0.0
2/13/2015 0:00,5.6,6.8,16.1,1.0,123.6,1.4,0.0
2/14/2015 0:00,7.2,7.6,16.1,1.0,115.3,1.3,0.0
2/15/2015 0:00,6.6,7.2,14.9,1.0,115.1,1.3,0.0
2/16/2015 0:00,6.6,8.8,11.8,1.1,114.8,1.3,0.0
2/17/2015 0:00,7.2,8.9,11.5,1.1,63.9,0.7,0.0
2/18/2015 0:00,8.5,9.3,12.5,1.2,84.0,1.0,0.0
2/19/2015 0:00,7.2,9.6,11.4,1.2,82.2,1.0,0.0
2/20/2015 0:00,7.7,9.4,13.0,1.2,89.0,1.0,0.0
2/21/2015 0:00,6.6,8.1,10.6,1.1,107.9,1.2,0.0
2/22/2015 0:00,2.0,3.6,12.6,0.8,107.4,1.2,0.0
2/23/2015 0:00,2.9,-3.9,11.4,0.5,114.4,1.3,0.0
2/24/2015 0:00,5.1,2.0,9.0,0.7,131.8,1.5,0.0
2/25/2015 0:00,5.8,3.9,10.2,0.8,120.1,1.4,0.0
2/26/2015 0:00,6.4,7.8,12.0,1.1,108.3,1.3,0.0
2/27/2015 0:00,1.3,7.3,12.2,1.0,114.7,1.3,0.0
2/28/2015 0:00,0.6,6.4,8.3,1.0,91.8,1.1,0.25
3/1/2015 0:00,2.4,5.2,9.6,0.9,119.6,1.4,0.0
3/2/2015 0:00,3.5,5.2,8.5,0.9,137.4,1.6,0.0
3/3/2015 0:00,4.2,5.8,9.8,0.9,126.2,1.5,0.0
3/4/2015 0:00,4.3,5.1,11.0,0.9,139.3,1.6,0.0
3/5/2015 0:00,4.8,3.2,14.0,0.8,132.1,1.5,0.0
3/6/2015 0:00,6.8,2.8,14.7,0.7,111.1,1.3,0.0
3/7/2015 0:00,6.6,4.8,14.0,0.9,122.8,1.4,0.0
3/8/2015 0:00,9.7,6.7,12.3,1.0,98.7,1.1,0.0
3/9/2015 0:00,9.3,8.6,11.4,1.1,92.4,1.1,0.0
3/10/2015 0:00,9.6,9.0,11.7,1.1,90.7,1.1,0.0
3/11/2015 0:00,4.7,9.6,12.9,1.2,82.6,1.0,0.0
3/12/2015 0:00,5.3,9.5,14.2,1.2,107.4,1.2,0.0
3/13/2015 0:00,6.6,9.1,16.5,1.2,95.9,1.1,0.0
3/14/2015 0:00,4.5,7.1,19.3,1.0,115.6,1.3,0.0
3/15/2015 0:00,3.1,7.4,15.6,1.0,112.0,1.3,0.0
3/16/2015 0:00,3.4,8.1,14.7,1.1,91.8,1.1,0.0
3/17/2015 0:00,1.8,7.9,15.4,1.1,121.7,1.4,0.0
3/18/2015 0:00,4.7,8.4,12.8,1.1,103.4,1.2,0.0
3/19/2015 0:00,5.8,8.1,13.3,1.1,107.8,1.2,0.0
3/20/2015 0:00,5.4,7.3,13.0,1.0,101.1,1.2,0.0
3/21/2015 0:00,5.1,9.5,13.5,1.2,99.3,1.1,0.0
3/22/2015 0:00,3.8,10.2,12.7,1.2,94.9,1.1,0.0
3/23/2015 0:00,3.8,8.2,13.1,1.1,114.4,1.3,0.0
3/24/2015 0:00,5.1,8.6,13.3,1.1,109.0,1.3,0.0
3/25/2015 0:00,5.7,9.4,14.4,1.2,106.5,1.2,0.0
3/26/2015 0:00,2.7,8.7,17.0,1.1,110.5,1.3,0.0
3/27/2015 0:00,4.2,9.5,12.9,1.2,83.7,1.0,0.0
3/28/2015 0:00,4.1,8.2,14.3,1.1,99.3,1.1,0.0
3/29/2015 0:00,6.7,7.6,13.5,1.0,102.8,1.2,0.0
3/30/2015 0:00,7.4,7.9,13.4,1.1,98.0,1.1,0.0
3/31/2015 0:00,3.8,6.1,13.3,0.9,130.0,1.5,0.0
4/1/2015 0:00,3.0,3.3,11.1,0.8,128.3,1.5,0.0
4/2/2015 0:00,2.1,0.8,12.6,0.6,132.9,1.5,0.0
4/3/2015 0:00,7.3,1.3,12.5,0.7,141.3,1.6,0.0
4/4/2015 0:00,6.6,2.8,11.0,0.7,130.4,1.5,0.0
4/5/2015 0:00,1.0,3.8,9.0,0.8,112.0,1.3,0.0
4/6/2015 0:00,2.5,4.5,9.2,0.8,137.1,1.6,0.0
4/7/2015 0:00,1.4,6.2,10.2,0.9,134.6,1.6,0.0
4/8/2015 0:00,1.4,6.4,10.7,1.0,118.2,1.4,0.0
4/9/2015 0:00,1.8,4.3,12.0,0.8,128.0,1.5,0.0
4/10/2015 0:00,3.4,5.1,11.9,0.9,122.4,1.4,0.0
4/11/2015 0:00,2.2,6.1,12.9,0.9,136.6,1.6,0.0
4/12/2015 0:00,3.7,8.2,14.8,1.1,113.6,1.3,0.0
4/13/2015 0:00,5.0,8.2,12.1,1.1,100.6,1.2,0.0
4/14/2015 0:00,3.6,0.1,12.3,0.6,136.6,1.6,0.0
4/15/2015 0:00,5.8,3.2,12.9,0.8,119.5,1.4,0.0
4/16/2015 0:00,3.7,1.1,15.3,0.7,126.1,1.5,0.0
4/17/2015 0:00,6.6,4.3,14.8,0.8,136.1,1.6,0.0
4/18/2015 0:00,10.9,8.5,11.9,1.1,92.5,1.1,0.0
4/19/2015 0:00,4.8,9.1,11.6,1.2,89.3,1.0,0.0
4/20/2015 0:00,5.3,9.1,11.7,1.2,98.9,1.1,0.0
4/21/2015 0:00,4.6,8.9,11.4,1.1,93.5,1.1,0.0
4/22/2015 0:00,5.2,8.7,11.1,1.1,79.4,0.9,0.0
4/23/2015 0:00,10.0,7.8,10.6,1.1,83.2,1.0,0.0
4/24/2015 0:00,5.6,5.1,13.5,0.9,113.9,1.3,0.0
4/25/2015 0:00,1.5,8.2,13.2,1.1,150.3,1.7,0.0
4/26/2015 0:00,4.0,6.8,13.7,1.0,112.1,1.3,0.0
4/27/2015 0:00,5.8,9.3,14.0,1.2,109.8,1.3,0.0
4/28/2015 0:00,6.2,9.8,13.6,1.2,88.0,1.0,0.0
4/29/2015 0:00,7.0,9.1,12.8,1.2,88.1,1.0,0.0
4/30/2015 0:00,7.0,8.0,17.8,1.1,112.3,1.3,0.0
5/1/2015 0:00,8.1,9.8,12.4,1.2,118.6,1.4,0.0
5/2/2015 0:00,9.6,8.7,11.8,1.1,115.9,1.3,0.0
5/3/2015 0:00,7.8,7.8,11.4,1.1,117.4,1.4,0.0
5/4/2015 0:00,6.3,7.5,12.2,1.0,97.0,1.1,0.0
5/5/2015 0:00,6.4,6.9,11.8,1.0,110.6,1.3,0.0
5/6/2015 0:00,7.6,6.8,11.2,1.0,104.5,1.2,0.0
5/7/2015 0:00,10.1,7.3,9.5,1.0,78.5,0.9,0.0
5/8/2015 0:00,9.5,8.4,11.3,1.1,100.1,1.2,0.0
5/9/2015 0:00,7.2,8.9,12.2,1.1,88.6,1.0,0.0
5/10/2015 0:00,6.6,8.8,12.9,1.1,96.4,1.1,0.0
5/11/2015 0:00,5.8,5.7,10.9,0.9,124.2,1.4,1.0
5/12/2015 0:00,3.0,3.9,12.2,0.8,148.1,1.7,0.0
5/13/2015 0:00,3.4,6.7,11.2,1.0,140.2,1.6,0.0
5/14/2015 0:00,1.6,7.8,11.4,1.1,123.1,1.4,0.0
5/15/2015 0:00,2.3,7.1,12.6,1.0,127.2,1.5,0.0
5/16/2015 0:00,4.4,8.4,13.5,1.1,105.0,1.2,0.0
5/17/2015 0:00,2.5,8.2,13.1,1.1,115.9,1.3,0.0
5/18/2015 0:00,3.0,7.7,13.4,1.1,115.2,1.3,0.0
5/19/2015 0:00,2.8,8.7,13.8,1.1,102.1,1.2,0.0
5/20/2015 0:00,2.8,8.6,13.8,1.1,104.0,1.2,0.0
5/21/2015 0:00,0.7,9.8,12.0,1.2,100.1,1.2,1.1
5/22/2015 0:00,3.2,9.8,13.4,1.2,109.0,1.3,0.1
5/23/2015 0:00,5.9,8.9,13.6,1.1,129.1,1.5,0.0
5/24/2015 0:00,3.5,9.0,12.3,1.1,93.4,1.1,0.0
5/25/2015 0:00,0.9,9.6,13.5,1.2,102.1,1.2,0.0
5/26/2015 0:00,1.5,9.8,13.2,1.2,110.8,1.3,0.2
5/27/2015 0:00,1.3,9.6,13.7,1.2,98.1,1.1,0.0
5/28/2015 0:00,3.4,9.8,13.9,1.2,93.7,1.1,0.0
5/29/2015 0:00,3.7,10.4,14.0,1.3,93.7,1.1,0.0
5/30/2015 0:00,4.4,10.3,13.9,1.3,91.1,1.1,0.0
5/31/2015 0:00,4.3,9.3,12.1,1.2,122.0,1.4,0.0
6/1/2015 0:00,2.4,11.1,15.3,1.3,125.9,1.5,0.0
6/2/2015 0:00,3.2,10.0,16.8,1.2,102.1,1.2,0.0
6/3/2015 0:00,3.7,9.5,14.8,1.2,114.4,1.3,0.0
6/4/2015 0:00,5.7,9.3,13.1,1.2,86.9,1.0,0.0
6/5/2015 0:00,3.9,10.3,12.2,1.2,93.0,1.1,0.0
6/6/2015 0:00,1.8,11.0,13.3,1.3,98.0,1.1,0.2
6/7/2015 0:00,2.2,11.4,14.5,1.4,86.1,1.0,0.0
6/8/2015 0:00,4.8,11.6,16.2,1.4,89.0,1.0,0.0
6/9/2015 0:00,0.9,12.3,16.3,1.4,89.4,1.0,0.5
6/10/2015 0:00,1.6,14.6,19.2,1.7,91.3,1.1,0.1
6/11/2015 0:00,5.0,12.3,15.1,1.4,92.1,1.1,0.0
6/12/2015 0:00,6.0,12.0,14.5,1.4,101.1,1.2,0.0
6/13/2015 0:00,6.5,11.8,14.4,1.4,99.1,1.1,0.1
6/14/2015 0:00,12.5,10.6,14.7,1.3,96.4,1.1,0.0
6/15/2015 0:00,8.9,10.4,14.3,1.3,96.2,1.1,0.0
6/16/2015 0:00,8.6,10.2,14.4,1.2,89.9,1.0,0.0
6/17/2015 0:00,9.9,10.5,14.1,1.3,89.0,1.0,0.0
6/18/2015 0:00,7.1,10.4,14.6,1.3,89.9,1.0,0.0
6/19/2015 0:00,5.0,9.1,15.3,1.2,102.2,1.2,0.0
6/20/2015 0:00,5.5,10.3,15.8,1.3,101.8,1.2,0.0
6/21/2015 0:00,4.3,10.5,15.2,1.3,93.6,1.1,0.1
6/22/2015 0:00,5.2,9.3,14.7,1.2,106.5,1.2,0.0
6/23/2015 0:00,7.5,10.3,14.4,1.3,94.3,1.1,0.0
6/24/2015 0:00,6.3,10.3,14.7,1.3,89.9,1.0,0.0
6/25/2015 0:00,5.5,11.1,15.9,1.3,98.1,1.1,0.2
6/26/2015 0:00,1.5,11.6,14.1,1.4,116.0,1.3,0.0
6/27/2015 0:00,1.5,12.4,15.4,1.4,116.2,1.3,0.0
6/28/2015 0:00,0.3,12.9,16.7,1.5,103.9,1.2,0.0
6/29/2015 0:00,1.8,12.6,17.7,1.5,91.5,1.1,0.0
6/30/2015 0:00,4.8,12.2,17.3,1.4,92.4,1.1,0.0
7/1/2015 0:00,1.7,12.3,16.5,1.4,86.5,1.0,0.0
7/2/2015 0:00,1.9,13.2,16.2,1.5,86.4,1.0,0.0
7/3/2015 0:00,-0.3,13.4,16.2,1.5,100.2,1.2,0.0
7/4/2015 0:00,1.0,13.3,15.9,1.5,112.8,1.3,0.0
7/5/2015 0:00,-1.8,13.4,15.9,1.5,110.2,1.3,1.1
7/6/2015 0:00,1.7,13.2,17.7,1.5,84.0,1.0,0.0
7/7/2015 0:00,3.1,13.1,18.0,1.5,115.3,1.3,0.0
7/8/2015 0:00,1.6,11.5,16.4,1.4,108.4,1.3,0.0
7/9/2015 0:00,-0.9,12.3,16.1,1.4,106.5,1.2,0.0
7/10/2015 0:00,1.2,12.6,17.2,1.5,94.0,1.1,0.2
7/11/2015 0:00,0.0,11.9,17.8,1.4,114.1,1.3,0.0
7/12/2015 0:00,0.3,12.4,18.7,1.4,109.3,1.3,0.0
7/13/2015 0:00,1.7,12.8,19.0,1.5,100.9,1.2,0.1
7/14/2015 0:00,1.5,12.4,17.9,1.4,99.4,1.2,0.0
7/15/2015 0:00,2.0,12.6,15.7,1.5,96.2,1.1,0.0
7/16/2015 0:00,1.1,12.8,15.6,1.5,101.7,1.2,0.0
7/17/2015 0:00,1.1,12.7,15.7,1.5,106.7,1.2,0.0
7/18/2015 0:00,2.5,12.1,17.1,1.4,113.4,1.3,0.0
7/19/2015 0:00,2.6,14.2,20.9,1.6,95.1,1.1,0.0
7/20/2015 0:00,5.4,15.5,22.2,1.8,98.5,1.1,0.0
7/21/2015 0:00,4.6,14.0,17.8,1.6,85.2,1.0,0.2
7/22/2015 0:00,3.0,12.4,17.3,1.4,92.5,1.1,0.0
7/23/2015 0:00,4.7,10.9,16.5,1.3,106.9,1.2,0.0
7/24/2015 0:00,4.0,9.4,18.5,1.2,107.3,1.2,0.0
7/25/2015 0:00,5.3,11.8,18.4,1.4,104.5,1.2,0.0
7/26/2015 0:00,3.7,12.5,16.8,1.5,95.6,1.1,0.0
7/27/2015 0:00,5.7,12.5,17.5,1.5,88.2,1.0,0.0
7/28/2015 0:00,7.0,13.0,16.4,1.5,105.1,1.2,0.0
7/29/2015 0:00,3.2,13.7,16.9,1.6,98.5,1.1,0.0
7/30/2015 0:00,3.8,14.0,17.5,1.6,89.1,1.0,0.0
7/31/2015 0:00,4.9,14.4,17.9,1.6,89.5,1.0,0.0
8/1/2015 0:00,6.2,14.2,19.1,1.6,89.2,1.0,0.0
8/2/2015 0:00,5.9,13.5,18.9,1.6,101.1,1.2,0.0
8/3/2015 0:00,3.1,11.6,18.1,1.4,109.6,1.3,0.0
8/4/2015 0:00,1.8,11.9,16.9,1.4,133.3,1.5,0.0
8/5/2015 0:00,1.4,12.7,18.4,1.5,109.0,1.3,0.2
8/6/2015 0:00,6.9,13.2,15.8,1.5,83.3,1.0,0.0
8/7/2015 0:00,7.1,12.9,16.5,1.5,107.5,1.2,0.0
8/8/2015 0:00,3.9,12.7,16.2,1.5,101.3,1.2,0.0
8/9/2015 0:00,1.0,12.8,16.8,1.5,102.8,1.2,0.0
8/10/2015 0:00,0.7,14.0,17.9,1.6,97.6,1.1,0.0
8/11/2015 0:00,1.0,13.2,17.3,1.5,106.6,1.2,0.0
8/12/2015 0:00,1.2,12.3,17.9,1.4,127.3,1.5,0.0
8/13/2015 0:00,-0.5,12.6,19.0,1.5,115.3,1.3,0.0
8/14/2015 0:00,2.5,12.8,19.7,1.5,102.4,1.2,0.0
8/15/2015 0:00,12.5,10.3,23.4,1.3,120.0,1.4,0.0
8/16/2015 0:00,20.5,13.3,20.3,1.5,86.3,1.0,0.0
8/17/2015 0:00,12.5,13.7,16.3,1.6,100.7,1.2,0.0
8/18/2015 0:00,17.3,12.9,16.8,1.5,113.4,1.3,0.0
8/19/2015 0:00,10.1,13.1,17.5,1.5,113.5,1.3,0.0
8/20/2015 0:00,9.0,12.9,17.8,1.5,98.8,1.1,0.0
8/21/2015 0:00,7.2,12.9,16.6,1.5,96.6,1.1,0.0
8/22/2015 0:00,2.5,13.1,16.2,1.5,93.0,1.1,0.0
8/23/2015 0:00,6.4,12.7,17.7,1.5,94.0,1.1,0.0
8/24/2015 0:00,10.0,12.1,18.0,1.4,105.9,1.2,0.0
8/25/2015 0:00,11.7,12.2,17.3,1.4,95.5,1.1,0.0
8/26/2015 0:00,10.0,12.1,18.4,1.4,89.4,1.0,0.0
8/27/2015 0:00,9.8,11.6,22.4,1.4,108.3,1.3,0.0
8/28/2015 0:00,2.6,12.5,21.4,1.5,103.1,1.2,0.0
8/29/2015 0:00,0.8,14.1,20.4,1.6,114.4,1.3,0.0
8/30/2015 0:00,2.6,11.9,19.3,1.4,127.3,1.5,0.0
8/31/2015 0:00,0.0,12.5,17.5,1.4,104.9,1.2,0.0
9/1/2015 0:00,0.0,12.9,15.9,1.5,97.3,1.1,0.0
9/2/2015 0:00,0.0,12.3,16.7,1.4,102.5,1.2,0.0
9/3/2015 0:00,0.0,10.5,16.8,1.3,121.9,1.4,0.0
9/4/2015 0:00,5.3,8.8,15.8,1.1,135.6,1.6,0.0
9/5/2015 0:00,3.7,8.5,16.1,1.1,110.1,1.3,0.0
9/6/2015 0:00,2.7,3.9,19.6,0.8,126.8,1.5,0.0
9/7/2015 0:00,4.9,5.7,20.7,0.9,130.7,1.5,0.0
9/8/2015 0:00,4.3,6.1,22.5,0.9,128.2,1.5,0.0
9/9/2015 0:00,5.1,9.2,21.4,1.2,105.8,1.2,0.0
9/10/2015 0:00,4.0,11.7,19.3,1.4,82.7,1.0,0.0
9/11/2015 0:00,4.0,12.4,19.0,1.4,77.7,0.9,0.0
9/12/2015 0:00,7.5,13.3,16.0,1.5,75.3,0.9,0.0
9/13/2015 0:00,4.5,13.4,17.1,1.5,77.8,0.9,0.0
9/14/2015 0:00,1.9,13.8,15.7,1.6,79.4,0.9,0.0
9/15/2015 0:00,3.8,10.0,17.1,1.2,102.3,1.2,0.0
9/16/2015 0:00,2.3,10.5,14.8,1.3,115.5,1.3,0.0
9/17/2015 0:00,4.0,11.3,17.7,1.3,104.7,1.2,0.0
9/18/2015 0:00,4.5,10.2,18.9,1.2,112.7,1.3,0.0
9/19/2015 0:00,5.5,8.8,20.9,1.1,113.0,1.3,0.0
9/20/2015 0:00,7.1,0.0,22.5,1.1,124.5,1.4,0.0
9/21/2015 0:00,9.0,10.6,21.7,1.3,97.5,1.1,0.0
9/22/2015 0:00,6.1,12.3,17.4,1.4,103.2,1.2,0.0
9/23/2015 0:00,6.3,10.4,16.0,1.3,89.0,1.0,0.0
9/24/2015 0:00,3.7,9.0,21.7,1.2,110.8,1.3,0.0
9/25/2015 0:00,5.5,10.6,19.4,1.3,88.6,1.0,0.0
9/26/2015 0:00,3.2,11.1,18.5,1.3,99.2,1.1,0.0
9/27/2015 0:00,6.6,12.6,16.5,1.5,86.4,1.0,0.0
9/28/2015 0:00,6.5,12.6,15.0,1.5,91.5,1.1,0.0
9/29/2015 0:00,5.9,11.6,15.7,1.4,76.9,0.9,0.0
9/30/2015 0:00,3.7,11.9,17.2,1.4,75.0,0.9,0.0
10/1/2015 0:00,1.2,13.4,17.6,1.5,95.9,1.1,0.9
10/2/2015 0:00,5.2,12.5,15.5,1.5,93.4,1.1,0.0
10/3/2015 0:00,7.2,10.9,14.3,1.3,95.2,1.1,0.1
10/4/2015 0:00,4.1,9.3,14.9,1.2,116.5,1.3,0.0
10/5/2015 0:00,3.4,12.1,15.5,1.4,120.9,1.4,0.0
10/6/2015 0:00,4.2,12.7,16.6,1.5,112.6,1.3,0.0
10/7/2015 0:00,7.9,11.9,17.5,1.4,103.1,1.2,0.0
10/8/2015 0:00,8.5,11.3,20.4,1.3,105.7,1.2,0.0
10/9/2015 0:00,8.0,10.6,20.6,1.3,91.4,1.1,0.0
10/10/2015 0:00,4.1,12.0,18.6,1.4,98.2,1.1,0.0
10/11/2015 0:00,6.5,12.5,17.1,1.5,94.0,1.1,0.0
10/12/2015 0:00,7.0,12.1,19.0,1.4,79.1,0.9,0.0
10/13/2015 0:00,4.8,8.4,21.3,1.1,105.2,1.2,0.0
10/14/2015 0:00,5.0,11.3,19.6,1.3,116.3,1.3,0.0
10/15/2015 0:00,5.2,13.6,18.9,1.6,95.8,1.1,0.0
10/16/2015 0:00,5.0,13.7,17.5,1.6,85.1,1.0,0.0
10/17/2015 0:00,2.1,12.8,17.2,1.5,96.2,1.1,0.0
10/18/2015 0:00,0.7,11.3,15.9,1.3,107.0,1.2,0.0
10/19/2015 0:00,0.3,12.2,16.4,1.4,98.8,1.1,0.0
10/20/2015 0:00,4.2,11.7,14.9,1.4,109.1,1.3,0.0
10/21/2015 0:00,4.3,10.6,15.1,1.3,105.4,1.2,0.0
10/22/2015 0:00,6.6,10.9,13.6,1.3,93.6,1.1,0.0
10/23/2015 0:00,7.3,10.7,14.7,1.3,93.1,1.1,0.0
10/24/2015 0:00,7.9,9.5,17.1,1.2,92.0,1.1,0.0
10/25/2015 0:00,6.3,9.1,17.4,1.2,87.6,1.0,0.0
10/26/2015 0:00,6.2,9.7,16.9,1.2,97.2,1.1,0.0
10/27/2015 0:00,5.4,10.4,15.7,1.3,85.4,1.0,0.0
10/28/2015 0:00,3.9,11.7,17.2,1.4,98.0,1.1,0.1
10/29/2015 0:00,3.2,7.7,17.1,1.1,118.5,1.4,0.0
10/30/2015 0:00,5.8,6.8,17.5,1.0,88.0,1.0,0.0
10/31/2015 0:00,4.8,8.6,17.0,1.1,101.5,1.2,0.0
11/1/2015 0:00,2.5,12.2,15.6,1.4,83.8,1.0,0.0
11/2/2015 0:00,1.4,10.4,12.6,1.3,75.1,0.9,26.1
11/3/2015 0:00,3.2,5.6,11.7,0.9,100.1,1.2,0.0
11/4/2015 0:00,2.6,1.0,11.2,0.7,124.8,1.4,0.0
11/5/2015 0:00,3.7,3.7,10.2,0.8,128.0,1.5,0.0
11/6/2015 0:00,5.0,3.7,11.8,0.8,127.5,1.5,0.0
11/7/2015 0:00,3.6,3.6,12.0,0.8,129.0,1.5,0.0
11/8/2015 0:00,6.3,8.5,10.3,1.1,85.9,1.0,7.0
11/9/2015 0:00,1.6,7.0,8.2,1.0,69.6,0.8,18.1
11/10/2015 0:00,1.3,4.8,8.4,0.9,102.6,1.2,0.1
11/11/2015 0:00,4.1,4.9,9.3,0.9,116.4,1.3,0.0
11/12/2015 0:00,6.5,3.8,10.6,0.8,115.4,1.3,0.0
11/13/2015 0:00,7.0,4.3,11.8,0.8,122.9,1.4,0.0
11/14/2015 0:00,7.7,5.4,11.1,0.9,122.4,1.4,0.0
11/15/2015 0:00,3.4,6.1,10.8,0.9,156.8,1.8,13.7
11/16/2015 0:00,2.6,-1.9,10.4,0.5,106.4,1.2,0.0
11/17/2015 0:00,4.3,7.6,12.9,1.0,79.7,0.9,0.0
11/18/2015 0:00,3.4,8.8,12.1,1.1,101.4,1.2,0.0
11/19/2015 0:00,6.8,8.7,13.1,1.1,100.2,1.2,0.0
11/20/2015 0:00,4.0,8.6,14.7,1.1,88.0,1.0,0.0
11/21/2015 0:00,5.8,8.1,16.0,1.1,93.6,1.1,0.0
11/22/2015 0:00,6.0,6.0,15.4,0.9,123.7,1.4,0.0
11/23/2015 0:00,6.6,7.4,10.0,1.0,78.8,0.9,0.0
11/24/2015 0:00,4.9,6.4,8.3,1.0,93.4,1.1,18.8
11/25/2015 0:00,1.5,3.0,6.5,0.8,106.2,1.2,2.0
11/26/2015 0:00,4.5,-0.8,6.2,0.6,106.7,1.2,0.0
11/27/2015 0:00,4.7,-2.9,7.0,0.5,112.1,1.3,0.0
11/28/2015 0:00,3.0,-3.5,7.4,0.5,116.6,1.4,0.0
11/29/2015 0:00,3.7,-2.0,7.4,0.5,133.7,1.5,0.0
11/30/2015 0:00,7.1,0.7,7.1,0.6,120.7,1.4,0.0
12/1/2015 0:00,7.2,0.3,10.2,0.6,110.7,1.3,0.0
12/2/2015 0:00,7.8,3.4,10.2,0.8,118.6,1.4,0.0
12/3/2015 0:00,5.2,7.9,9.6,1.1,104.5,1.2,12.6
12/4/2015 0:00,3.4,7.0,9.2,1.0,110.6,1.3,0.2
12/5/2015 0:00,4.5,5.3,8.6,0.9,109.9,1.3,0.0
12/6/2015 0:00,4.7,8.5,11.7,1.1,99.0,1.1,0.0
12/7/2015 0:00,6.2,10.4,13.4,1.3,75.7,0.9,0.0
12/8/2015 0:00,7.5,9.7,11.7,1.2,84.3,1.0,0.0
12/9/2015 0:00,5.6,10.3,12.3,1.2,77.8,0.9,0.0
12/10/2015 0:00,3.0,10.6,12.6,1.3,97.6,1.1,16.9
12/11/2015 0:00,0.0,6.1,9.3,0.9,85.9,1.0,3.4
12/12/2015 0:00,5.6,5.9,9.4,0.9,74.5,0.9,0.0
12/13/2015 0:00,5.1,6.3,7.9,1.0,111.5,1.3,0.0
12/14/2015 0:00,3.7,1.5,8.2,0.7,106.0,1.2,0.1
12/15/2015 0:00,3.5,-1.5,7.7,0.5,101.1,1.2,0.0
12/16/2015 0:00,3.3,-0.2,6.1,0.6,121.2,1.4,0.0
12/17/2015 0:00,5.2,3.1,7.3,0.8,114.7,1.3,0.0
12/18/2015 0:00,3.2,6.6,9.1,1.0,115.3,1.3,0.0
12/19/2015 0:00,1.9,6.4,8.8,1.0,95.2,1.1,0.6
12/20/2015 0:00,1.9,5.2,6.6,0.9,100.8,1.2,26.9
12/21/2015 0:00,0.7,10.1,10.6,1.2,104.3,1.2,48.1
12/22/2015 0:00,1.2,11.1,12.6,1.3,99.8,1.2,22.2
12/23/2015 0:00,3.3,3.6,8.3,0.8,105.4,1.2,0.0
12/24/2015 0:00,2.6,4.3,6.2,0.8,85.0,1.0,2.9
12/25/2015 0:00,1.2,1.6,5.8,0.7,84.5,1.0,0.1
12/26/2015 0:00,2.6,-2.7,6.6,0.5,106.1,1.2,0.0
12/27/2015 0:00,4.0,-0.8,4.6,0.6,109.8,1.3,0.1
12/28/2015 0:00,4.8,3.0,5.8,0.8,67.3,0.8,1.9
12/29/2015 0:00,5.0,2.0,4.9,0.7,104.1,1.2,0.1
12/30/2015 0:00,3.5,2.3,5.7,0.7,117.8,1.4,0.0
12/31/2015 0:00,6.6,1.7,7.4,0.7,86.0,1.0,0.0
1/1/2016 0:00,6.6,0.1,6.4,0.6,76.6,0.9,0.0
1/2/2016 0:00,4.8,3.7,8.6,0.8,113.2,1.3,0.0
1/3/2016 0:00,4.0,6.3,11.1,1.0,86.7,1.0,0.1
1/4/2016 0:00,5.0,9.1,10.3,1.2,85.4,1.0,19.5
1/5/2016 0:00,2.1,8.3,9.3,1.1,75.0,0.9,49.0
1/6/2016 0:00,2.3,7.3,8.8,1.0,91.8,1.1,32.5
1/7/2016 0:00,3.6,6.2,7.5,1.0,75.5,0.9,11.1
1/8/2016 0:00,4.2,5.2,7.0,0.9,99.1,1.1,0.0
1/9/2016 0:00,4.8,7.2,8.5,1.0,69.0,0.8,1.1
1/10/2016 0:00,4.5,7.8,10.2,1.1,82.2,1.0,0.9
1/11/2016 0:00,5.6,7.9,11.2,1.1,87.0,1.0,0.0
1/12/2016 0:00,5.5,7.8,11.0,1.1,105.6,1.2,0.0
1/13/2016 0:00,3.4,8.6,11.5,1.1,134.4,1.6,12.2
1/14/2016 0:00,4.8,6.2,8.1,0.9,99.5,1.2,16.9
1/15/2016 0:00,7.2,9.2,11.5,1.2,78.9,0.9,3.7
1/16/2016 0:00,6.8,10.4,11.2,1.3,54.1,0.6,10.4
1/17/2016 0:00,7.2,11.1,11.8,1.3,82.9,1.0,24.6
1/18/2016 0:00,3.7,10.6,12.3,1.3,74.3,0.9,20.0
1/19/2016 0:00,4.1,11.0,12.1,1.3,97.5,1.1,56.0
1/20/2016 0:00,5.1,9.9,11.8,1.2,78.7,0.9,0.0
1/21/2016 0:00,3.6,9.0,12.5,1.1,106.5,1.2,0.0
1/22/2016 0:00,4.4,10.9,12.2,1.3,126.0,1.5,46.9
1/23/2016 0:00,3.9,8.1,9.8,1.1,80.2,0.9,2.5
1/24/2016 0:00,4.6,5.8,8.5,0.9,106.3,1.2,0.2
1/25/2016 0:00,4.2,7.1,9.9,1.0,80.8,0.9,0.0
1/26/2016 0:00,6.6,7.5,10.8,1.0,110.4,1.3,0.0
1/27/2016 0:00,11.3,7.7,11.4,1.1,104.4,1.2,0.0
1/28/2016 0:00,10.3,7.7,10.2,1.0,101.2,1.2,0.0
1/29/2016 0:00,11.6,11.3,12.4,1.3,58.1,0.7,12.6
1/30/2016 0:00,3.4,7.6,11.2,1.0,81.5,0.9,0.1
1/31/2016 0:00,3.4,3.5,8.1,0.8,147.4,1.7,7.9
2/1/2016 0:00,3.2,-2.2,8.9,0.5,132.6,1.5,0.0
2/2/2016 0:00,4.5,4.9,6.5,0.9,82.6,1.0,4.2
2/3/2016 0:00,4.7,4.4,7.6,0.8,109.3,1.3,0.1
2/4/2016 0:00,7.2,4.9,10.1,0.9,116.6,1.3,0.0
2/5/2016 0:00,0.0,4.8,11.3,0.9,125.0,1.4,0.0
2/6/2016 0:00,9.7,4.4,13.1,0.8,115.1,1.3,0.0
2/7/2016 0:00,5.8,5.1,14.6,0.9,107.8,1.2,0.0
2/8/2016 0:00,5.8,5.4,17.5,0.9,160.4,1.9,0.0
2/9/2016 0:00,5.0,5.4,16.8,0.9,142.5,1.6,0.0
2/10/2016 0:00,7.5,7.1,14.7,1.0,124.2,1.4,0.0
2/11/2016 0:00,10.0,8.0,14.3,1.1,101.9,1.2,0.0
2/12/2016 0:00,10.5,9.0,13.1,1.1,81.1,0.9,0.0
2/13/2016 0:00,9.0,9.3,12.4,1.2,96.1,1.1,0.0
2/14/2016 0:00,9.5,8.4,15.5,1.1,94.2,1.1,0.0
2/15/2016 0:00,6.1,9.0,17.0,1.2,97.5,1.1,0.0
2/16/2016 0:00,4.8,7.2,17.5,1.0,128.6,1.5,0.0
2/17/2016 0:00,8.4,10.3,13.2,1.3,192.5,2.2,0.0
2/18/2016 0:00,4.5,7.8,10.6,1.1,128.1,1.5,0.1
2/19/2016 0:00,5.0,8.0,10.5,1.1,100.7,1.2,0.0
2/20/2016 0:00,5.0,7.7,11.6,1.0,112.9,1.3,0.0
2/21/2016 0:00,6.2,6.1,11.5,0.9,109.2,1.3,0.0
2/22/2016 0:00,6.1,6.2,13.0,0.9,115.2,1.3,0.0
2/23/2016 0:00,3.3,2.4,13.6,0.7,123.0,1.4,0.0
2/24/2016 0:00,5.8,5.1,13.3,0.9,118.3,1.4,0.0
2/25/2016 0:00,9.7,6.5,14.6,1.0,115.8,1.3,0.0
2/26/2016 0:00,7.5,8.9,12.9,1.1,113.0,1.3,0.0
2/27/2016 0:00,7.0,8.3,13.5,1.1,92.7,1.1,0.0
2/28/2016 0:00,10.7,8.2,12.5,1.1,100.0,1.2,0.0
2/29/2016 0:00,5.3,8.5,15.0,1.1,122.2,1.4,0.0
3/1/2016 0:00,6.9,5.9,15.0,0.9,127.3,1.5,0.0
3/2/2016 0:00,4.6,9.3,12.4,1.2,123.0,1.4,0.0
3/3/2016 0:00,3.1,11.2,13.9,1.3,83.8,1.0,0.0
3/4/2016 0:00,2.7,12.8,13.6,1.5,95.9,1.1,0.0
3/5/2016 0:00,3.7,11.9,12.8,1.4,168.2,1.9,0.0
3/6/2016 0:00,4.8,8.2,11.4,1.1,140.6,1.6,0.0
3/7/2016 0:00,4.5,6.6,9.5,1.0,112.1,1.3,0.0
3/8/2016 0:00,8.0,6.7,10.2,1.0,91.5,1.1,0.0
3/9/2016 0:00,4.6,10.7,11.7,1.3,65.7,0.8,0.0
3/10/2016 0:00,4.8,11.0,13.3,1.3,100.7,1.2,0.0
3/11/2016 0:00,6.4,8.2,10.9,1.1,168.4,1.9,0.0
3/12/2016 0:00,8.5,8.2,9.9,1.1,126.4,1.5,0.0
3/13/2016 0:00,5.0,11.4,12.2,1.4,172.0,2.0,0.0
3/14/2016 0:00,4.8,7.5,11.7,1.0,85.3,1.0,0.0
3/15/2016 0:00,6.7,4.9,11.8,0.9,110.8,1.3,0.0
3/16/2016 0:00,6.3,7.6,17.2,1.0,105.6,1.2,0.0
3/17/2016 0:00,6.5,8.2,15.6,1.1,114.6,1.3,0.0
3/18/2016 0:00,7.2,10.2,12.4,1.2,76.6,0.9,0.0
3/19/2016 0:00,5.6,9.9,11.9,1.2,101.0,1.2,0.0
3/20/2016 0:00,3.9,10.3,12.1,1.3,112.5,1.3,5.3
3/21/2016 0:00,4.5,9.1,10.3,1.2,102.1,1.2,2.6
3/22/2016 0:00,4.3,5.9,10.5,0.9,111.0,1.3,0.1
3/23/2016 0:00,6.0,6.0,11.2,0.9,119.2,1.4,0.0
3/24/2016 0:00,4.6,7.5,12.5,1.0,132.7,1.5,0.0
3/25/2016 0:00,7.3,8.2,12.7,1.1,105.4,1.2,0.0
3/26/2016 0:00,6.7,8.2,13.0,1.1,106.4,1.2,0.0
3/27/2016 0:00,4.5,7.8,12.7,1.1,128.7,1.5,0.0
3/28/2016 0:00,5.5,3.1,10.1,0.8,164.5,1.9,0.0
3/29/2016 0:00,5.0,3.2,8.8,0.8,127.7,1.5,0.0
3/30/2016 0:00,5.8,5.7,10.0,0.9,128.0,1.5,0.0
3/31/2016 0:00,6.3,7.3,11.0,1.0,116.4,1.3,0.0
4/1/2016 0:00,5.7,7.2,11.6,1.0,113.0,1.3,0.0
4/2/2016 0:00,7.1,8.4,12.1,1.1,112.6,1.3,0.0
4/3/2016 0:00,7.9,8.9,11.8,1.1,86.5,1.0,0.0
4/4/2016 0:00,5.3,8.3,13.3,1.1,101.2,1.2,0.0
4/5/2016 0:00,7.2,6.4,16.1,1.0,109.9,1.3,0.0
4/6/2016 0:00,6.0,0.0,19.6,1.1,111.9,1.3,0.0
4/7/2016 0:00,10.9,11.0,13.6,1.3,107.1,1.2,0.0
4/8/2016 0:00,10.7,11.5,13.2,1.4,80.4,0.9,4.8
4/9/2016 0:00,4.9,11.3,13.8,1.3,72.5,0.8,1.3
4/10/2016 0:00,4.5,10.5,11.6,1.3,61.4,0.7,4.5
4/11/2016 0:00,3.1,9.2,12.3,1.2,100.9,1.2,0.0
4/12/2016 0:00,5.6,8.8,12.8,1.1,122.9,1.4,0.0
4/13/2016 0:00,7.7,7.6,12.2,1.0,100.2,1.2,0.0
4/14/2016 0:00,6.1,6.3,12.2,1.0,134.5,1.6,2.4
4/15/2016 0:00,4.4,3.9,14.3,0.8,120.9,1.4,0.0
4/16/2016 0:00,6.6,6.8,14.2,1.0,118.1,1.4,0.0
4/17/2016 0:00,4.5,5.3,17.6,0.9,134.1,1.6,0.0
4/18/2016 0:00,4.2,4.7,17.4,0.9,125.5,1.5,0.0
4/19/2016 0:00,5.4,6.4,15.6,1.0,123.2,1.4,0.0
4/20/2016 0:00,4.3,7.1,14.2,1.0,125.9,1.5,0.0
4/21/2016 0:00,3.5,12.2,14.4,1.4,107.5,1.2,0.0
4/22/2016 0:00,4.2,10.3,12.5,1.3,152.2,1.8,3.9
4/23/2016 0:00,4.9,8.3,12.7,1.1,124.1,1.4,0.1
4/24/2016 0:00,4.1,7.1,13.0,1.0,156.4,1.8,0.0
4/25/2016 0:00,7.0,3.4,11.7,0.8,154.2,1.8,0.0
4/26/2016 0:00,7.5,5.4,11.1,0.9,141.1,1.6,0.0
4/27/2016 0:00,7.0,6.6,10.7,1.0,126.8,1.5,1.4
4/28/2016 0:00,6.7,7.4,12.8,1.0,106.5,1.2,0.0
4/29/2016 0:00,6.0,7.5,12.1,1.0,113.2,1.3,0.0
4/30/2016 0:00,5.9,5.4,16.1,0.9,108.2,1.3,0.0
5/1/2016 0:00,10.9,8.3,14.1,1.1,123.7,1.4,0.0
5/2/2016 0:00,8.1,10.1,12.9,1.2,112.7,1.3,0.0
5/3/2016 0:00,8.1,10.2,14.0,1.2,78.3,0.9,0.0
5/4/2016 0:00,7.4,10.1,12.5,1.2,93.0,1.1,0.0
5/5/2016 0:00,6.8,10.7,13.0,1.3,105.4,1.2,0.5
5/6/2016 0:00,4.3,10.0,12.0,1.2,74.3,0.9,5.0
5/7/2016 0:00,4.5,10.1,12.3,1.2,84.5,1.0,0.3
5/8/2016 0:00,2.4,10.5,13.8,1.3,108.5,1.3,0.0
5/9/2016 0:00,4.5,9.9,12.7,1.2,90.8,1.1,0.0
5/10/2016 0:00,5.4,9.5,11.8,1.2,88.6,1.0,0.0
5/11/2016 0:00,4.9,10.2,12.4,1.2,90.0,1.0,0.1
5/12/2016 0:00,6.8,10.1,12.7,1.2,76.6,0.9,0.0
5/13/2016 0:00,6.3,9.5,13.1,1.2,90.9,1.1,0.1
5/14/2016 0:00,3.7,10.0,14.9,1.2,132.1,1.5,0.0
5/15/2016 0:00,1.0,9.7,15.3,1.2,122.9,1.4,0.0
5/16/2016 0:00,6.5,10.4,14.1,1.3,91.2,1.1,0.0
5/17/2016 0:00,11.0,11.0,14.6,1.3,97.8,1.1,0.0
5/18/2016 0:00,9.6,11.2,13.6,1.3,107.0,1.2,0.0
5/19/2016 0:00,5.7,8.3,14.6,1.1,118.2,1.4,0.1
5/20/2016 0:00,3.8,6.1,12.1,0.9,154.9,1.8,0.0
5/21/2016 0:00,3.3,7.3,11.7,1.0,125.6,1.5,0.0
5/22/2016 0:00,2.3,7.4,12.4,1.0,147.4,1.7,0.0
5/23/2016 0:00,2.2,8.5,13.5,1.1,126.2,1.5,0.0
5/24/2016 0:00,0.7,9.0,14.2,1.1,112.3,1.3,0.0
5/25/2016 0:00,1.3,9.5,14.4,1.2,99.6,1.2,0.0
5/26/2016 0:00,5.0,9.6,13.3,1.2,93.6,1.1,0.0
5/27/2016 0:00,0.0,10.0,13.9,1.2,93.0,1.1,0.0
5/28/2016 0:00,0.0,10.3,14.1,1.3,102.2,1.2,0.0
5/29/2016 0:00,0.0,9.9,13.0,1.2,100.2,1.2,0.0
5/30/2016 0:00,0.0,10.3,12.8,1.3,98.9,1.1,0.0
5/31/2016 0:00,0.0,10.6,13.8,1.3,89.1,1.0,0.0
6/1/2016 0:00,5.6,10.8,13.0,1.3,96.9,1.1,0.0
6/2/2016 0:00,5.9,11.0,14.2,1.3,87.3,1.0,0.0
6/3/2016 0:00,6.2,10.5,16.7,1.3,89.3,1.0,0.1
6/4/2016 0:00,3.2,11.7,14.6,1.4,103.7,1.2,0.0
6/5/2016 0:00,4.1,11.2,14.2,1.3,104.5,1.2,0.0
6/6/2016 0:00,1.2,11.2,13.7,1.3,103.1,1.2,0.2
6/7/2016 0:00,1.5,12.0,15.0,1.4,91.1,1.1,0.3
6/8/2016 0:00,4.9,11.9,16.4,1.4,93.2,1.1,0.1
6/9/2016 0:00,2.2,11.0,15.5,1.3,89.9,1.0,0.0
6/10/2016 0:00,4.4,8.9,16.0,1.1,117.7,1.4,0.0
6/11/2016 0:00,5.7,8.5,14.0,1.1,128.8,1.5,0.0
6/12/2016 0:00,8.2,10.4,14.1,1.3,110.9,1.3,0.0
6/13/2016 0:00,8.0,10.2,15.3,1.2,105.8,1.2,0.0
6/14/2016 0:00,3.0,6.5,15.1,1.0,139.6,1.6,0.0
6/15/2016 0:00,3.3,6.6,13.7,1.0,129.6,1.5,0.0
6/16/2016 0:00,1.9,8.8,14.9,1.1,136.9,1.6,0.0
6/17/2016 0:00,3.3,12.0,16.3,1.4,114.0,1.3,0.0
6/18/2016 0:00,4.5,10.5,17.7,1.3,104.2,1.2,0.0
6/19/2016 0:00,4.7,8.6,21.4,1.1,125.1,1.4,0.0
6/20/2016 0:00,9.1,8.5,18.0,1.1,101.4,1.2,0.0
6/21/2016 0:00,9.3,9.3,17.8,1.2,96.7,1.1,0.0
6/22/2016 0:00,11.6,10.5,15.3,1.3,100.1,1.2,0.0
6/23/2016 0:00,6.7,8.9,17.9,1.1,131.2,1.5,0.0
6/24/2016 0:00,6.1,10.4,16.3,1.3,99.9,1.2,0.0
6/25/2016 0:00,10.6,10.2,16.4,1.2,100.1,1.2,0.0
6/26/2016 0:00,9.2,10.4,16.2,1.3,91.3,1.1,0.0
6/27/2016 0:00,10.2,10.8,17.0,1.3,84.5,1.0,0.0
6/28/2016 0:00,12.1,10.8,16.1,1.3,87.5,1.0,0.0
6/29/2016 0:00,7.1,10.3,13.8,1.3,91.6,1.1,0.0
6/30/2016 0:00,10.0,10.0,12.7,1.2,94.3,1.1,0.0
7/1/2016 0:00,7.2,9.9,12.7,1.2,95.8,1.1,0.0
7/2/2016 0:00,3.5,10.5,13.1,1.3,101.2,1.2,0.0
7/3/2016 0:00,3.0,10.6,13.3,1.3,108.9,1.3,0.0
7/4/2016 0:00,2.1,10.9,13.3,1.3,106.4,1.2,0.2
7/5/2016 0:00,2.9,10.7,13.4,1.3,100.7,1.2,0.6
7/6/2016 0:00,4.7,10.6,14.8,1.3,93.1,1.1,0.0
7/7/2016 0:00,3.5,10.9,15.7,1.3,107.0,1.2,0.0
7/8/2016 0:00,1.5,11.4,15.6,1.3,96.6,1.1,0.0
7/9/2016 0:00,2.0,11.3,18.3,1.3,141.4,1.6,0.0
7/10/2016 0:00,6.7,9.5,17.2,1.2,101.8,1.2,0.1
7/11/2016 0:00,8.3,9.7,16.1,1.2,100.7,1.2,0.0
7/12/2016 0:00,8.5,10.7,15.7,1.3,91.9,1.1,0.0
7/13/2016 0:00,6.8,10.4,14.1,1.3,93.6,1.1,0.0
7/14/2016 0:00,5.4,10.4,13.4,1.3,85.1,1.0,0.0
7/15/2016 0:00,3.8,10.0,13.1,1.2,102.0,1.2,0.2
7/16/2016 0:00,1.5,10.1,13.2,1.2,107.6,1.2,0.0
7/17/2016 0:00,2.7,10.3,14.2,1.3,84.7,1.0,0.0
7/18/2016 0:00,3.2,10.7,16.4,1.3,96.4,1.1,0.0
7/19/2016 0:00,3.1,10.0,16.8,1.2,107.7,1.2,0.0
7/20/2016 0:00,4.2,10.0,18.1,1.2,94.4,1.1,0.0
7/21/2016 0:00,3.9,9.6,16.5,1.2,104.6,1.2,0.0
7/22/2016 0:00,4.0,9.9,16.5,1.2,112.2,1.3,0.0
7/23/2016 0:00,8.7,9.8,16.2,1.2,96.2,1.1,0.0
7/24/2016 0:00,8.0,9.9,14.2,1.2,95.0,1.1,0.1
7/25/2016 0:00,5.5,9.9,12.9,1.2,89.2,1.0,0.0
7/26/2016 0:00,3.2,9.9,13.8,1.2,88.9,1.0,0.0
7/27/2016 0:00,3.2,9.9,13.8,1.2,81.8,0.9,0.0
7/28/2016 0:00,2.8,10.2,14.0,1.2,89.8,1.0,0.1
7/29/2016 0:00,2.8,10.3,14.1,1.3,92.8,1.1,0.0
7/30/2016 0:00,0.6,10.2,13.4,1.2,100.7,1.2,0.0
7/31/2016 0:00,2.5,10.8,13.5,1.3,109.0,1.3,0.1
8/1/2016 0:00,12.5,11.7,15.0,1.4,109.0,1.3,0.1
8/2/2016 0:00,4.3,10.9,13.9,1.3,98.9,1.1,0.1
8/3/2016 0:00,5.6,10.0,12.5,1.2,99.4,1.2,0.1
8/4/2016 0:00,4.4,10.0,13.3,1.2,84.1,1.0,0.3
8/5/2016 0:00,1.4,10.4,13.7,1.3,107.0,1.2,0.8
8/6/2016 0:00,5.1,10.3,13.4,1.3,86.9,1.0,0.0
8/7/2016 0:00,7.6,9.9,14.5,1.2,99.1,1.1,0.0
8/8/2016 0:00,4.6,10.2,13.4,1.2,89.9,1.0,0.0
8/9/2016 0:00,3.1,10.3,12.8,1.3,86.3,1.0,0.1
8/10/2016 0:00,2.4,10.3,12.9,1.2,89.5,1.0,0.4
8/11/2016 0:00,8.8,10.6,13.1,1.3,100.0,1.2,0.0
8/12/2016 0:00,4.5,10.6,13.1,1.3,101.5,1.2,0.0
8/13/2016 0:00,3.2,10.6,14.4,1.3,81.3,0.9,0.0
8/14/2016 0:00,3.8,10.8,14.2,1.3,85.1,1.0,0.2
8/15/2016 0:00,2.4,10.3,13.0,1.3,91.8,1.1,0.2
8/16/2016 0:00,3.0,10.3,13.1,1.3,88.6,1.0,0.1
8/17/2016 0:00,3.1,10.6,13.0,1.3,101.2,1.2,0.0
8/18/2016 0:00,1.0,10.8,13.2,1.3,100.9,1.2,0.2
8/19/2016 0:00,6.0,10.9,13.5,1.3,97.1,1.1,0.0
8/20/2016 0:00,5.4,10.7,13.5,1.3,97.8,1.1,0.0
8/21/2016 0:00,5.0,11.3,14.8,1.3,88.6,1.0,0.0
8/22/2016 0:00,5.6,11.3,14.6,1.3,91.0,1.1,0.0
8/23/2016 0:00,4.3,11.7,15.0,1.4,94.3,1.1,0.0
8/24/2016 0:00,5.0,11.4,14.7,1.4,86.3,1.0,0.0
8/25/2016 0:00,4.5,10.8,13.5,1.3,96.2,1.1,0.1
8/26/2016 0:00,3.4,11.8,14.1,1.4,87.7,1.0,0.5
8/27/2016 0:00,6.0,11.6,15.5,1.4,111.5,1.3,0.0
8/28/2016 0:00,5.9,11.4,15.8,1.3,102.8,1.2,0.0
8/29/2016 0:00,5.3,11.2,15.6,1.3,95.9,1.1,0.0
8/30/2016 0:00,5.2,11.8,17.7,1.4,92.5,1.1,0.0
8/31/2016 0:00,3.2,11.2,17.6,1.3,113.2,1.3,0.0
9/1/2016 0:00,3.4,11.7,15.7,1.4,98.4,1.1,0.0
9/2/2016 0:00,6.6,10.9,14.3,1.3,96.2,1.1,0.2
9/3/2016 0:00,6.1,10.6,14.6,1.3,94.8,1.1,0.0
9/4/2016 0:00,6.9,9.5,13.9,1.2,103.0,1.2,0.0
9/5/2016 0:00,8.5,10.1,14.0,1.2,99.8,1.2,0.0
9/6/2016 0:00,8.7,9.5,15.4,1.2,103.9,1.2,0.0
9/7/2016 0:00,7.9,10.2,15.8,1.2,110.9,1.3,0.0
9/8/2016 0:00,7.3,11.0,14.0,1.3,112.8,1.3,0.3
9/9/2016 0:00,8.4,10.0,12.5,1.2,95.6,1.1,0.0
9/10/2016 0:00,6.4,10.4,13.0,1.3,89.9,1.0,0.0
9/11/2016 0:00,6.3,10.4,13.1,1.3,95.8,1.1,0.1
9/12/2016 0:00,7.0,9.7,13.7,1.2,121.8,1.4,0.0
9/13/2016 0:00,6.3,10.3,13.8,1.3,107.7,1.2,0.4
9/14/2016 0:00,7.1,9.3,14.9,1.2,118.4,1.4,0.1
9/15/2016 0:00,8.1,9.6,15.0,1.2,106.0,1.2,0.0
9/16/2016 0:00,9.4,9.5,13.1,1.2,89.2,1.0,0.1
9/17/2016 0:00,7.6,9.2,14.6,1.2,81.1,0.9,0.0
9/18/2016 0:00,7.5,9.2,19.6,1.2,106.2,1.2,0.0
9/19/2016 0:00,10.1,11.1,18.4,1.3,112.4,1.3,0.0
9/20/2016 0:00,8.7,11.1,15.1,1.3,84.4,1.0,0.0
9/21/2016 0:00,8.8,9.0,15.3,1.1,124.2,1.4,0.0
9/22/2016 0:00,4.0,8.0,15.1,1.1,130.9,1.5,0.0
9/23/2016 0:00,6.6,8.6,14.6,1.1,110.1,1.3,0.0
9/24/2016 0:00,5.6,10.2,18.0,1.2,106.7,1.2,0.0
9/25/2016 0:00,4.7,8.7,22.1,1.1,137.2,1.6,0.0
9/26/2016 0:00,5.4,0.0,24.7,0.9,129.4,1.5,0.7
9/27/2016 0:00,5.2,7.1,19.9,1.0,124.9,1.4,0.0
9/28/2016 0:00,5.2,10.4,14.0,1.3,82.5,1.0,0.0
9/29/2016 0:00,6.2,9.9,13.5,1.2,82.9,1.0,0.0
9/30/2016 0:00,7.9,8.5,13.8,1.1,110.4,1.3,0.0
10/1/2016 0:00,4.8,7.2,14.0,1.0,125.0,1.4,0.0
10/2/2016 0:00,4.0,7.9,13.0,1.1,124.4,1.4,0.0
10/3/2016 0:00,3.3,8.3,12.8,1.1,95.7,1.1,0.0
10/4/2016 0:00,2.7,8.7,16.5,1.1,113.1,1.3,0.0
10/5/2016 0:00,3.5,0.0,14.3,1.0,0.0,1.5,0.0
10/6/2016 0:00,5.5,7.8,14.6,1.1,103.5,1.2,0.0
10/7/2016 0:00,2.7,3.8,19.4,0.8,124.8,1.4,0.0
10/8/2016 0:00,2.7,4.4,18.9,0.8,122.3,1.4,0.0
10/9/2016 0:00,8.4,4.9,15.8,0.9,118.3,1.4,0.0
10/10/2016 0:00,0.0,9.1,12.3,1.2,99.9,1.2,0.0
10/11/2016 0:00,0.0,9.8,14.2,1.2,96.5,1.1,0.0
10/12/2016 0:00,0.0,9.4,12.2,1.2,106.4,1.2,0.0
10/13/2016 0:00,0.0,9.8,12.4,1.2,99.0,1.1,0.0
10/14/2016 0:00,4.7,9.0,10.6,1.1,103.0,1.2,15.8
10/15/2016 0:00,1.8,0.0,0.0,0.7,153.2,1.8,24.2
10/16/2016 0:00,0.0,0.0,0.0,0.1,211.0,2.4,49.2
10/17/2016 0:00,4.5,0.0,0.0,0.6,101.3,1.2,0.1
10/18/2016 0:00,4.5,7.7,13.5,1.1,118.2,1.4,0.0
10/19/2016 0:00,5.4,6.5,15.3,1.0,101.0,1.2,0.0
10/20/2016 0:00,8.0,6.3,17.6,1.0,114.8,1.3,0.0
10/21/2016 0:00,4.4,9.3,15.8,1.2,113.4,1.3,0.0
10/22/2016 0:00,5.3,9.4,13.2,1.2,99.5,1.2,0.0
10/23/2016 0:00,5.8,9.2,11.1,1.2,127.5,1.5,0.0
10/24/2016 0:00,5.0,11.3,14.4,1.3,145.7,1.7,0.0
10/25/2016 0:00,4.6,10.9,14.6,1.3,97.1,1.1,0.4
10/26/2016 0:00,1.5,9.5,12.3,1.2,91.8,1.1,0.4
10/27/2016 0:00,2.0,10.9,12.5,1.3,92.6,1.1,11.5
10/28/2016 0:00,0.0,5.8,6.2,0.9,85.0,1.0,19.4
10/29/2016 0:00,0.9,8.8,10.1,1.1,82.6,1.0,0.4
10/30/2016 0:00,0.9,8.4,9.5,1.1,164.3,1.9,19.6
10/31/2016 0:00,1.3,8.0,10.1,1.1,107.5,1.2,6.1
11/1/2016 0:00,2.7,7.8,10.6,1.1,84.8,1.0,9.2
11/2/2016 0:00,2.7,8.3,13.5,1.1,117.2,1.4,0.0
11/3/2016 0:00,4.4,9.2,15.9,1.2,114.4,1.3,0.0
11/4/2016 0:00,8.0,9.5,15.5,1.2,116.5,1.3,0.0
11/5/2016 0:00,9.0,9.7,12.8,1.2,103.7,1.2,0.0
11/6/2016 0:00,6.6,10.1,12.0,1.2,97.8,1.1,0.0
11/7/2016 0:00,3.3,11.5,15.0,1.4,87.4,1.0,0.0
11/8/2016 0:00,4.2,12.2,16.2,1.4,96.5,1.1,0.0
11/9/2016 0:00,12.7,11.3,14.9,1.3,100.5,1.2,0.1
11/10/2016 0:00,9.6,11.8,16.6,1.4,97.0,1.1,0.0
11/11/2016 0:00,6.7,10.5,14.7,1.3,115.9,1.3,0.0
11/12/2016 0:00,8.2,10.9,14.9,1.3,93.8,1.1,0.0
11/13/2016 0:00,6.5,9.9,12.7,1.2,86.7,1.0,0.1
11/14/2016 0:00,4.5,6.3,7.1,1.0,70.7,0.8,0.0
11/15/2016 0:00,3.5,6.5,8.5,1.0,102.3,1.2,0.2
11/16/2016 0:00,0.6,5.1,10.9,0.9,127.5,1.5,0.0
11/17/2016 0:00,2.9,5.0,9.1,0.9,113.3,1.3,0.0
11/18/2016 0:00,6.7,4.0,9.9,0.8,140.7,1.6,0.0
11/19/2016 0:00,2.6,8.4,10.8,1.1,100.9,1.2,15.9
11/20/2016 0:00,2.7,0.0,0.0,0.6,68.2,0.8,7.3
11/21/2016 0:00,2.0,3.6,5.5,0.8,104.4,1.2,0.2
11/22/2016 0:00,3.1,6.7,9.0,1.0,102.7,1.2,0.1
11/23/2016 0:00,2.0,5.8,8.8,0.9,86.4,1.0,3.2
11/24/2016 0:00,3.2,4.8,9.3,0.9,106.2,1.2,0.0
11/25/2016 0:00,5.8,5.3,8.3,0.9,101.8,1.2,0.0
11/26/2016 0:00,2.8,6.3,8.0,1.0,68.0,0.8,21.5
11/27/2016 0:00,0.9,4.7,8.0,0.9,95.1,1.1,4.8
11/28/2016 0:00,3.3,6.8,9.5,1.0,74.6,0.9,2.5
11/29/2016 0:00,2.8,4.1,9.0,0.8,102.8,1.2,0.0
11/30/2016 0:00,4.1,4.9,8.1,0.9,95.9,1.1,0.0
12/1/2016 0:00,3.0,2.7,9.4,0.7,109.0,1.3,0.0
12/2/2016 0:00,3.3,-2.9,11.1,0.5,120.3,1.4,0.0
12/3/2016 0:00,5.1,2.1,8.6,0.7,116.1,1.3,0.0
12/4/2016 0:00,10.4,6.5,9.2,1.0,105.6,1.2,0.0
12/5/2016 0:00,5.3,6.8,8.6,1.0,92.4,1.1,0.0
12/6/2016 0:00,2.3,3.3,8.1,0.8,84.8,1.0,0.0
12/7/2016 0:00,4.7,5.6,9.0,0.9,60.5,0.7,6.1
12/8/2016 0:00,1.7,3.2,3.2,0.8,59.9,0.7,44.4
12/9/2016 0:00,1.0,0.0,1.1,0.6,62.3,0.7,13.5
12/10/2016 0:00,0.3,0.0,0.0,0.5,105.1,1.2,58.3
12/11/2016 0:00,2.4,3.1,4.4,0.8,113.7,1.3,0.0
12/12/2016 0:00,6.0,6.8,9.9,1.0,89.5,1.0,0.0
12/13/2016 0:00,6.4,8.3,10.5,1.1,80.0,0.9,0.1
12/14/2016 0:00,4.3,3.2,4.2,0.8,74.8,0.9,7.0
12/15/2016 0:00,0.0,5.6,6.7,0.9,117.9,1.4,59.3
12/16/2016 0:00,3.6,3.6,7.2,0.8,115.0,1.3,0.8
12/17/2016 0:00,3.1,-0.1,4.7,0.6,125.8,1.5,0.0
12/18/2016 0:00,5.2,-2.7,5.1,0.5,105.3,1.2,0.0
12/19/2016 0:00,6.4,-1.0,6.9,0.6,115.5,1.3,0.0
12/20/2016 0:00,6.3,0.9,9.5,0.7,109.0,1.3,0.0
12/21/2016 0:00,5.0,4.0,11.3,0.8,91.3,1.1,0.0
12/22/2016 0:00,6.7,4.2,9.7,0.8,98.8,1.1,0.0
12/23/2016 0:00,4.1,4.9,5.8,0.9,73.2,0.8,20.2
12/24/2016 0:00,4.5,1.2,4.1,0.7,107.0,1.2,0.2
12/25/2016 0:00,4.2,1.6,4.1,0.7,120.3,1.4,0.0
12/26/2016 0:00,2.7,0.2,7.5,0.6,105.9,1.2,0.0
12/27/2016 0:00,5.8,0.4,8.4,0.6,103.2,1.2,0.0
12/28/2016 0:00,5.6,0.5,9.3,0.6,122.9,1.4,0.0
12/29/2016 0:00,9.2,2.8,11.4,0.7,129.9,1.5,0.0
12/30/2016 0:00,8.7,4.9,9.8,0.9,110.9,1.3,0.0
12/31/2016 0:00,6.4,3.1,7.1,0.8,94.5,1.1,0.0
1/1/2017 0:00,6.2,2.9,6.6,0.8,98.8,1.1,0.5
1/2/2017 0:00,4.3,4.8,5.8,0.9,74.3,0.9,10.9
1/3/2017 0:00,1.7,2.9,3.9,0.8,77.2,0.9,71.4
1/4/2017 0:00,0.4,0.0,0.0,0.3,123.0,1.4,15.9
1/5/2017 0:00,1.3,0.0,0.0,0.3,91.4,1.1,0.1
1/6/2017 0:00,3.4,1.5,5.5,0.7,101.0,1.2,0.0
1/7/2017 0:00,3.8,2.1,3.2,0.7,111.5,1.3,66.2
1/8/2017 0:00,1.7,0.7,1.8,0.6,204.5,2.4,32.6
1/9/2017 0:00,1.2,0.0,0.0,0.5,112.2,1.3,3.2
1/10/2017 0:00,2.0,1.5,2.5,0.7,222.2,2.6,25.1
1/11/2017 0:00,2.7,3.8,5.7,0.8,101.9,1.2,2.4
1/12/2017 0:00,2.3,3.4,5.5,0.8,92.5,1.1,12.3
1/13/2017 0:00,3.5,3.4,6.5,0.8,120.1,1.4,0.0
1/14/2017 0:00,4.7,3.3,7.4,0.8,118.4,1.4,0.0
1/15/2017 0:00,7.1,3.8,6.4,0.8,107.1,1.2,0.0
1/16/2017 0:00,8.8,3.1,6.0,0.8,104.5,1.2,0.0
1/17/2017 0:00,7.8,3.4,7.1,0.8,106.5,1.2,0.0
1/18/2017 0:00,6.0,5.1,6.3,0.9,117.6,1.4,42.1
1/19/2017 0:00,4.4,4.8,6.5,0.9,90.9,1.1,6.8
1/20/2017 0:00,4.5,4.5,6.2,0.8,114.9,1.3,56.3
1/21/2017 0:00,5.3,4.4,5.9,0.8,103.2,1.2,6.0
1/22/2017 0:00,6.3,1.6,2.4,0.7,118.1,1.4,42.1
1/23/2017 0:00,2.8,0.0,-0.2,0.6,64.2,0.7,10.8
1/24/2017 0:00,1.8,1.2,3.6,0.7,88.5,1.0,1.5
1/25/2017 0:00,3.5,3.3,5.9,0.8,122.8,1.4,0.1
1/26/2017 0:00,5.5,3.7,7.2,0.8,117.7,1.4,0.0
1/27/2017 0:00,5.7,2.3,7.6,0.7,111.9,1.3,0.0
1/28/2017 0:00,4.8,2.3,9.8,0.7,120.3,1.4,0.0
1/29/2017 0:00,6.1,3.0,11.1,0.8,123.3,1.4,0.0
1/30/2017 0:00,5.6,3.5,11.9,0.8,137.0,1.6,0.0
1/31/2017 0:00,4.7,3.2,10.8,0.8,146.2,1.7,0.0
2/1/2017 0:00,4.8,6.3,10.4,1.0,131.3,1.5,1.2
2/2/2017 0:00,2.0,3.5,3.9,0.8,89.5,1.0,36.8
2/3/2017 0:00,3.1,2.5,3.1,0.7,194.6,2.3,8.3
2/4/2017 0:00,2.7,0.0,0.0,0.5,108.7,1.3,0.1
2/5/2017 0:00,1.3,0.0,2.1,0.7,142.0,1.6,13.1
2/6/2017 0:00,4.2,0.0,0.0,0.3,161.1,1.9,35.7
2/7/2017 0:00,1.2,0.0,0.0,0.1,182.8,2.1,30.7
2/8/2017 0:00,1.3,0.0,0.0,0.0,107.8,1.2,10.1
2/9/2017 0:00,2.6,0.0,0.0,0.4,158.5,1.8,49.0
2/10/2017 0:00,3.0,0.0,0.0,0.6,88.2,1.0,1.7
2/11/2017 0:00,2.0,5.1,9.3,0.9,97.4,1.1,0.0
2/12/2017 0:00,5.0,5.3,8.8,0.9,120.5,1.4,0.0
2/13/2017 0:00,4.7,5.7,9.7,0.9,111.6,1.3,0.0
2/14/2017 0:00,6.5,6.6,12.7,1.0,102.1,1.2,0.0
2/15/2017 0:00,5.8,7.5,12.1,1.0,96.9,1.1,0.0
2/16/2017 0:00,3.1,7.6,9.6,1.0,89.3,1.0,17.4
2/17/2017 0:00,6.5,3.9,5.4,0.8,132.3,1.5,47.1
2/18/2017 0:00,4.4,3.1,5.4,0.8,116.3,1.3,7.8
2/19/2017 0:00,3.5,5.8,7.4,0.9,79.1,0.9,10.1
2/20/2017 0:00,13.6,0.0,0.0,0.4,197.3,2.3,79.0
2/21/2017 0:00,8.2,5.6,6.7,0.9,161.5,1.9,8.4
2/22/2017 0:00,3.9,2.9,6.7,0.8,124.2,1.4,0.2
2/23/2017 0:00,3.5,0.6,6.3,0.6,113.3,1.3,0.0
2/24/2017 0:00,6.0,1.2,6.0,0.7,130.0,1.5,0.0
2/25/2017 0:00,5.4,2.4,6.6,0.7,111.9,1.3,0.0
2/26/2017 0:00,4.7,3.4,7.9,0.8,117.0,1.4,1.0
2/27/2017 0:00,4.6,2.4,8.2,0.7,110.1,1.3,0.4
2/28/2017 0:00,2.7,1.6,7.8,0.7,126.5,1.5,0.0
3/1/2017 0:00,4.3,2.9,9.7,0.8,120.9,1.4,0.0
3/2/2017 0:00,3.7,3.1,11.9,0.8,125.1,1.4,0.0
3/3/2017 0:00,6.6,4.8,11.4,0.9,113.7,1.3,0.0
3/4/2017 0:00,2.6,7.0,9.8,1.0,140.7,1.6,5.5
3/5/2017 0:00,1.9,3.4,7.1,0.8,136.3,1.6,2.7
3/6/2017 0:00,3.0,4.2,6.0,0.8,101.4,1.2,4.3
3/7/2017 0:00,5.1,7.2,13.3,1.0,97.2,1.1,0.0
3/8/2017 0:00,6.2,8.1,13.2,1.1,108.8,1.3,0.0
3/9/2017 0:00,5.0,10.9,14.8,1.3,104.4,1.2,0.0
3/10/2017 0:00,4.7,11.5,15.3,1.4,96.0,1.1,0.0
3/11/2017 0:00,7.6,11.5,14.7,1.4,107.5,1.2,0.0
3/12/2017 0:00,6.8,9.2,14.6,1.2,109.9,1.3,0.0
3/13/2017 0:00,5.3,8.3,17.1,1.1,120.3,1.4,0.0
3/14/2017 0:00,7.8,11.3,15.3,1.3,118.1,1.4,0.0
3/15/2017 0:00,4.5,11.1,12.4,1.3,82.6,1.0,0.0
3/16/2017 0:00,4.7,11.7,13.7,1.4,84.9,1.0,0.0
3/17/2017 0:00,3.7,9.0,15.3,1.1,111.6,1.3,0.0
3/18/2017 0:00,4.9,10.2,12.4,1.2,95.2,1.1,0.0
3/19/2017 0:00,5.1,9.5,11.5,1.2,93.4,1.1,0.0
3/20/2017 0:00,5.9,11.2,13.0,1.3,86.7,1.0,39.0
3/21/2017 0:00,3.5,12.9,14.3,1.5,164.9,1.9,16.9
3/22/2017 0:00,3.6,8.4,11.9,1.1,111.9,1.3,19.2
3/23/2017 0:00,2.5,7.2,10.7,1.0,109.0,1.3,0.0
3/24/2017 0:00,3.7,9.9,10.9,1.2,81.0,0.9,26.5
3/25/2017 0:00,4.7,9.3,13.4,1.2,85.5,1.0,6.9
3/26/2017 0:00,4.0,9.1,12.0,1.2,94.5,1.1,4.5
3/27/2017 0:00,4.3,7.7,11.9,1.1,120.4,1.4,0.2
3/28/2017 0:00,4.7,6.4,15.1,1.0,118.9,1.4,0.0
3/29/2017 0:00,8.4,9.3,14.4,1.2,104.0,1.2,0.0
3/30/2017 0:00,9.1,6.7,13.3,1.0,148.4,1.7,0.0
3/31/2017 0:00,5.9,1.9,14.9,0.7,138.4,1.6,0.0
4/1/2017 0:00,9.7,7.8,13.6,1.1,98.5,1.1,0.0
4/2/2017 0:00,6.7,10.5,12.8,1.3,87.0,1.0,0.0
4/3/2017 0:00,11.4,8.6,13.5,1.1,90.9,1.1,0.1
4/4/2017 0:00,7.7,6.4,12.7,1.0,101.0,1.2,0.0
4/5/2017 0:00,6.7,6.4,14.6,1.0,102.8,1.2,0.0
4/6/2017 0:00,5.6,7.1,11.7,1.0,103.8,1.2,11.4
4/7/2017 0:00,4.0,12.3,12.8,1.4,191.0,2.2,10.4
4/8/2017 0:00,1.6,5.8,9.5,0.9,125.1,1.4,2.2
4/9/2017 0:00,3.1,4.8,10.1,0.9,129.3,1.5,0.0
4/10/2017 0:00,4.8,7.5,12.3,1.0,127.4,1.5,0.0
4/11/2017 0:00,5.7,10.1,12.9,1.2,101.1,1.2,4.9
4/12/2017 0:00,3.5,11.6,13.1,1.4,132.0,1.5,12.7
4/13/2017 0:00,2.5,8.3,11.8,1.1,128.1,1.5,13.1
4/14/2017 0:00,3.3,3.7,11.1,0.8,113.0,1.3,0.0
4/15/2017 0:00,6.0,6.6,13.3,1.0,113.9,1.3,0.0
4/16/2017 0:00,5.2,9.7,11.2,1.2,81.4,0.9,13.6
4/17/2017 0:00,2.7,11.9,12.4,1.4,65.1,0.8,14.9
4/18/2017 0:00,3.6,11.2,13.7,1.3,92.1,1.1,1.3
4/19/2017 0:00,4.5,7.4,13.0,1.0,142.3,1.6,0.0
4/20/2017 0:00,8.0,8.6,15.3,1.1,109.0,1.3,1.3
4/21/2017 0:00,7.2,8.8,15.6,1.1,105.6,1.2,0.0
4/22/2017 0:00,6.6,9.0,14.7,1.2,115.8,1.3,0.0
4/23/2017 0:00,4.0,7.9,14.3,1.1,150.9,1.7,0.0
4/24/2017 0:00,3.2,9.3,13.2,1.2,110.9,1.3,0.0
4/25/2017 0:00,3.1,9.6,16.4,1.2,197.7,2.3,0.0
4/26/2017 0:00,3.3,11.9,14.5,1.4,94.6,1.1,0.0
4/27/2017 0:00,4.6,8.0,15.1,1.1,155.3,1.8,0.0
4/28/2017 0:00,6.1,4.3,15.8,0.8,121.3,1.4,0.0
4/29/2017 0:00,10.7,7.4,16.2,1.0,98.4,1.1,0.0
4/30/2017 0:00,10.7,10.0,15.7,1.2,94.3,1.1,0.0
5/1/2017 0:00,9.5,10.1,19.4,1.2,94.5,1.1,0.0
5/2/2017 0:00,12.0,11.8,18.3,1.4,83.5,1.0,0.0
5/3/2017 0:00,6.3,12.6,18.8,1.5,93.7,1.1,0.0
5/4/2017 0:00,3.6,11.6,14.2,1.4,92.4,1.1,0.0
5/5/2017 0:00,3.8,9.8,13.7,1.2,143.5,1.7,0.0
5/6/2017 0:00,9.4,6.0,12.1,0.9,142.0,1.6,0.0
5/7/2017 0:00,14.8,8.6,11.6,1.1,104.2,1.2,0.0
5/8/2017 0:00,15.1,9.0,11.6,1.1,100.7,1.2,0.0
5/9/2017 0:00,10.5,9.8,13.0,1.2,97.2,1.1,0.0
5/10/2017 0:00,6.0,10.6,13.3,1.3,77.9,0.9,0.5
5/11/2017 0:00,4.5,10.7,14.4,1.3,99.8,1.2,0.1
5/12/2017 0:00,3.4,5.6,13.7,0.9,157.5,1.8,0.0
5/13/2017 0:00,3.3,5.6,13.2,0.9,162.4,1.9,0.0
5/14/2017 0:00,5.4,7.0,12.8,1.0,118.4,1.4,0.0
5/15/2017 0:00,6.0,7.4,11.8,1.0,104.8,1.2,0.0
5/16/2017 0:00,2.4,9.4,13.6,1.2,107.0,1.2,0.1
5/17/2017 0:00,4.1,7.9,15.1,1.1,128.1,1.5,0.1
5/18/2017 0:00,9.1,8.7,13.8,1.1,113.4,1.3,0.0
5/19/2017 0:00,7.4,9.1,16.3,1.2,105.9,1.2,0.1
5/20/2017 0:00,5.6,10.6,15.6,1.3,86.8,1.0,0.1
5/21/2017 0:00,6.7,10.7,14.7,1.3,82.9,1.0,0.1
5/22/2017 0:00,4.5,11.4,13.8,1.3,83.0,1.0,0.2
5/23/2017 0:00,3.9,11.5,13.6,1.4,88.0,1.0,0.1
5/24/2017 0:00,3.9,10.6,13.1,1.3,104.5,1.2,0.0
5/25/2017 0:00,3.2,10.7,13.0,1.3,98.9,1.1,0.7
5/26/2017 0:00,2.0,9.8,13.3,1.2,96.3,1.1,0.0
5/27/2017 0:00,4.9,9.8,14.3,1.2,86.2,1.0,0.0
5/28/2017 0:00,4.6,11.1,14.9,1.3,74.8,0.9,0.0
5/29/2017 0:00,4.2,11.0,15.0,1.3,81.9,0.9,0.0
5/30/2017 0:00,3.1,9.8,15.4,1.2,84.6,1.0,0.0
5/31/2017 0:00,4.5,11.7,16.8,1.4,68.0,0.8,0.0
6/1/2017 0:00,2.8,13.0,17.6,1.5,90.6,1.0,0.0
6/2/2017 0:00,5.5,11.5,15.8,1.4,77.0,0.9,0.0
6/3/2017 0:00,7.9,11.3,15.9,1.3,64.7,0.7,0.0
6/4/2017 0:00,8.1,10.5,14.9,1.3,71.3,0.8,0.0
6/5/2017 0:00,9.2,9.2,13.9,1.2,86.4,1.0,0.0
6/6/2017 0:00,9.0,10.8,13.9,1.3,57.0,0.7,0.0
6/7/2017 0:00,6.4,11.0,13.1,1.3,81.6,0.9,0.0
6/8/2017 0:00,3.5,12.9,14.6,1.5,58.6,0.7,2.2
6/9/2017 0:00,3.4,13.0,16.0,1.5,81.0,0.9,1.3
6/10/2017 0:00,3.7,8.5,14.9,1.1,120.2,1.4,0.0
6/11/2017 0:00,3.6,7.3,13.8,1.0,141.5,1.6,0.0
6/12/2017 0:00,6.0,9.2,14.4,1.2,105.0,1.2,0.0
6/13/2017 0:00,7.5,9.9,15.2,1.2,90.5,1.0,0.0
6/14/2017 0:00,8.5,10.2,15.8,1.2,79.2,0.9,0.0
6/15/2017 0:00,8.2,11.0,17.3,1.3,80.4,0.9,0.0
6/16/2017 0:00,8.0,13.0,19.2,1.5,72.6,0.8,0.0
6/17/2017 0:00,13.0,13.3,19.5,1.5,70.0,0.8,0.0
6/18/2017 0:00,14.9,13.7,20.1,1.6,89.3,1.0,0.0
6/19/2017 0:00,10.9,13.3,17.8,1.5,81.0,0.9,0.0
6/20/2017 0:00,7.8,12.8,16.0,1.5,65.7,0.8,0.0
6/21/2017 0:00,8.2,12.5,15.3,1.4,74.9,0.9,0.0
6/22/2017 0:00,6.1,13.0,17.0,1.5,82.4,1.0,0.1
6/23/2017 0:00,2.5,13.2,15.7,1.5,113.2,1.3,0.0
6/24/2017 0:00,3.7,13.7,16.7,1.6,73.2,0.8,0.2
6/25/2017 0:00,3.6,13.1,16.6,1.5,68.9,0.8,0.1
6/26/2017 0:00,4.5,12.5,18.3,1.5,90.1,1.0,0.0
6/27/2017 0:00,2.2,12.8,17.3,1.5,83.6,1.0,0.0
6/28/2017 0:00,4.7,12.3,16.0,1.4,78.6,0.9,0.0
6/29/2017 0:00,9.0,12.1,15.8,1.4,82.0,0.9,0.2
6/30/2017 0:00,7.6,11.8,15.7,1.4,83.7,1.0,0.1
7/1/2017 0:00,8.1,11.2,15.5,1.3,80.2,0.9,0.2
7/2/2017 0:00,4.8,11.6,14.3,1.4,88.8,1.0,0.0
7/3/2017 0:00,4.2,12.4,15.2,1.4,97.1,1.1,0.0
7/4/2017 0:00,7.5,12.6,15.8,1.5,90.0,1.0,0.0
7/5/2017 0:00,9.3,12.7,17.2,1.5,79.8,0.9,0.0
7/6/2017 0:00,6.0,12.3,17.8,1.4,77.3,0.9,0.0
7/7/2017 0:00,9.7,12.0,19.6,1.4,78.5,0.9,0.0
7/8/2017 0:00,12.3,12.3,19.2,1.4,74.3,0.9,0.0
7/9/2017 0:00,8.3,11.9,15.2,1.4,67.6,0.8,0.0
7/10/2017 0:00,7.2,12.2,15.8,1.4,73.7,0.9,0.0
7/11/2017 0:00,10.6,11.9,16.2,1.4,70.2,0.8,0.0
7/12/2017 0:00,9.5,11.7,15.3,1.4,75.3,0.9,0.0
7/13/2017 0:00,6.0,12.2,15.1,1.4,78.0,0.9,0.0
7/14/2017 0:00,6.7,12.2,15.0,1.4,76.7,0.9,0.0
7/15/2017 0:00,10.4,11.8,17.2,1.4,78.0,0.9,0.0
7/16/2017 0:00,14.9,12.6,19.8,1.5,75.4,0.9,0.0
7/17/2017 0:00,14.9,12.3,17.7,1.4,64.2,0.7,0.0
7/18/2017 0:00,10.4,11.8,16.7,1.4,68.8,0.8,0.0
7/19/2017 0:00,8.6,11.6,15.3,1.4,64.7,0.7,0.2
7/20/2017 0:00,5.8,11.9,16.0,1.4,64.7,0.7,0.0
7/21/2017 0:00,7.9,11.8,15.8,1.4,71.1,0.8,0.2
7/22/2017 0:00,7.3,12.0,14.9,1.4,75.5,0.9,0.1
7/23/2017 0:00,3.3,12.3,14.7,1.4,83.2,1.0,0.1
7/24/2017 0:00,0.0,12.7,14.6,1.5,82.2,1.0,0.0
7/25/2017 0:00,1.7,12.9,16.2,1.5,102.0,1.2,0.0
7/26/2017 0:00,1.1,13.1,16.7,1.5,87.2,1.0,0.0
7/27/2017 0:00,2.6,12.6,15.9,1.5,76.9,0.9,0.0
7/28/2017 0:00,5.0,12.4,15.5,1.4,71.3,0.8,0.0
7/29/2017 0:00,5.7,12.4,14.8,1.4,77.6,0.9,0.0
7/30/2017 0:00,2.4,12.8,15.2,1.5,86.2,1.0,0.0
7/31/2017 0:00,2.2,12.8,15.7,1.5,81.2,0.9,0.0
8/1/2017 0:00,3.0,12.3,16.0,1.4,82.3,1.0,0.1
8/2/2017 0:00,3.6,13.1,20.2,1.5,87.9,1.0,0.0
8/3/2017 0:00,5.6,14.6,21.2,1.7,75.9,0.9,0.0
8/4/2017 0:00,2.8,15.3,19.8,1.7,70.1,0.8,0.0
8/5/2017 0:00,1.5,15.0,18.1,1.7,77.7,0.9,0.0
8/6/2017 0:00,3.6,14.4,17.7,1.6,81.4,0.9,0.0
8/7/2017 0:00,10.2,13.2,17.7,1.5,89.7,1.0,0.1
8/8/2017 0:00,8.4,13.7,17.0,1.6,81.3,0.9,0.1
8/9/2017 0:00,6.5,14.2,17.5,1.6,80.5,0.9,0.0
8/10/2017 0:00,8.5,13.8,17.3,1.6,77.8,0.9,0.0
8/11/2017 0:00,7.2,13.9,16.9,1.6,91.2,1.1,0.0
8/12/2017 0:00,9.7,13.6,16.6,1.6,84.9,1.0,0.0
8/13/2017 0:00,5.9,13.5,16.6,1.6,82.9,1.0,0.0
8/14/2017 0:00,5.2,14.0,17.9,1.6,87.1,1.0,0.0
8/15/2017 0:00,8.4,12.5,17.0,1.5,112.9,1.3,0.0
8/16/2017 0:00,8.1,12.8,16.2,1.5,89.0,1.0,0.0
8/17/2017 0:00,7.0,13.5,17.0,1.5,92.0,1.1,0.0
8/18/2017 0:00,8.5,13.6,16.5,1.6,97.5,1.1,0.0
8/19/2017 0:00,8.0,13.8,16.1,1.6,80.8,0.9,0.0
8/20/2017 0:00,5.7,14.3,16.9,1.6,96.6,1.1,0.0
8/21/2017 0:00,6.8,14.4,17.2,1.6,86.9,1.0,0.0
8/22/2017 0:00,8.5,14.0,17.9,1.6,89.5,1.0,0.1
8/23/2017 0:00,11.1,14.3,16.4,1.6,78.2,0.9,0.0
8/24/2017 0:00,6.1,14.0,16.8,1.6,70.3,0.8,0.0
8/25/2017 0:00,6.6,12.9,16.3,1.5,76.4,0.9,0.1
8/26/2017 0:00,7.6,12.7,15.5,1.5,81.2,0.9,0.0
8/27/2017 0:00,10.7,13.2,17.5,1.5,77.1,0.9,0.0
8/28/2017 0:00,14.1,13.9,17.4,1.6,75.2,0.9,0.0
8/29/2017 0:00,13.8,14.2,17.2,1.6,70.2,0.8,0.0
8/30/2017 0:00,7.2,12.8,17.0,1.5,77.2,0.9,0.0
8/31/2017 0:00,5.0,12.5,17.5,1.5,86.2,1.0,0.0
9/1/2017 0:00,18.1,0.0,25.8,1.4,120.8,1.4,0.0
9/2/2017 0:00,20.8,0.0,0.0,1.3,119.0,1.4,0.0
9/3/2017 0:00,32.2,14.2,24.1,1.6,88.6,1.0,0.0
9/4/2017 0:00,35.0,17.2,21.5,2.0,95.6,1.1,0.4
9/5/2017 0:00,11.8,16.9,20.6,1.9,117.6,1.4,0.0
9/6/2017 0:00,10.0,16.1,18.2,1.8,82.4,1.0,0.2
9/7/2017 0:00,13.3,16.3,19.2,1.9,83.5,1.0,0.1
9/8/2017 0:00,8.7,14.8,17.9,1.7,92.4,1.1,0.1
9/9/2017 0:00,5.1,15.5,18.2,1.8,69.9,0.8,0.1
9/10/2017 0:00,7.5,15.3,19.3,1.7,70.8,0.8,0.0
9/11/2017 0:00,9.1,14.6,22.5,1.7,100.7,1.2,0.0
9/12/2017 0:00,7.4,15.7,18.9,1.8,112.8,1.3,0.4
9/13/2017 0:00,5.3,15.5,17.5,1.8,74.1,0.9,0.6
9/14/2017 0:00,5.3,13.4,17.7,1.5,97.0,1.1,1.1
9/15/2017 0:00,7.4,10.8,15.8,1.3,93.2,1.1,0.0
9/16/2017 0:00,10.6,12.3,15.1,1.4,91.6,1.1,0.0
9/17/2017 0:00,12.8,12.5,15.9,1.5,83.9,1.0,0.0
9/18/2017 0:00,5.8,13.4,17.4,1.5,105.2,1.2,0.0
9/19/2017 0:00,4.0,9.5,17.3,1.2,115.6,1.3,0.0
9/20/2017 0:00,4.0,12.1,17.0,1.4,120.4,1.4,0.0
9/21/2017 0:00,3.1,7.7,15.2,1.1,119.0,1.4,0.0
9/22/2017 0:00,3.7,8.4,13.9,1.1,131.1,1.5,0.0
9/23/2017 0:00,3.2,5.9,15.6,0.9,131.8,1.5,0.0
9/24/2017 0:00,4.3,4.1,17.7,0.8,136.3,1.6,0.0
9/25/2017 0:00,6.8,7.4,17.9,1.0,111.0,1.3,0.0
9/26/2017 0:00,7.2,7.9,19.8,1.1,125.1,1.4,0.0
9/27/2017 0:00,6.6,7.4,20.7,1.0,126.3,1.5,0.0
9/28/2017 0:00,5.5,9.0,19.9,1.2,112.8,1.3,0.0
9/29/2017 0:00,6.7,11.1,15.9,1.3,79.4,0.9,0.0
9/30/2017 0:00,6.7,12.6,15.9,1.5,72.7,0.8,0.0
10/1/2017 0:00,7.2,8.6,17.0,1.1,106.6,1.2,0.0
10/2/2017 0:00,0.0,5.0,16.7,0.9,97.3,1.1,0.0
10/3/2017 0:00,0.0,7.6,11.5,1.0,120.6,1.4,0.0
10/4/2017 0:00,0.0,9.0,14.1,1.2,107.5,1.2,0.0
10/5/2017 0:00,6.4,6.4,15.7,1.0,108.2,1.3,0.0
10/6/2017 0:00,8.9,4.0,18.8,0.8,119.2,1.4,0.0
10/7/2017 0:00,11.3,6.9,17.6,1.0,109.4,1.3,0.0
10/8/2017 0:00,14.8,6.8,17.5,1.0,89.3,1.0,0.0
10/9/2017 0:00,12.6,5.1,18.3,0.9,106.2,1.2,0.0
10/10/2017 0:00,16.9,8.6,14.9,1.1,104.5,1.2,0.0
10/11/2017 0:00,41.0,7.7,14.3,1.0,91.5,1.1,0.0
10/12/2017 0:00,30.0,1.5,14.4,0.7,118.1,1.4,0.0
10/13/2017 0:00,0.0,3.5,13.8,0.8,118.8,1.4,0.0
10/14/2017 0:00,18.4,1.4,17.6,0.7,132.5,1.5,0.0
10/15/2017 0:00,8.7,0.6,20.4,0.6,162.3,1.9,0.0
10/16/2017 0:00,12.4,1.5,20.0,0.7,134.9,1.6,0.0
10/17/2017 0:00,47.3,5.4,16.6,0.9,93.9,1.1,0.0
10/18/2017 0:00,35.4,7.8,11.7,1.1,71.5,0.8,0.0
10/19/2017 0:00,24.3,10.9,13.2,1.3,86.1,1.0,1.2
10/20/2017 0:00,13.2,8.5,13.4,1.1,123.1,1.4,0.2
10/21/2017 0:00,20.6,6.4,13.5,1.0,102.5,1.2,0.0
10/22/2017 0:00,16.7,9.8,16.6,1.2,102.3,1.2,0.0
10/23/2017 0:00,16.0,9.4,21.5,1.2,104.5,1.2,0.0
10/24/2017 0:00,7.4,0.0,0.0,1.1,124.8,1.4,0.0
10/25/2017 0:00,8.7,0.0,22.0,1.1,120.3,1.4,0.0
10/26/2017 0:00,10.4,9.6,20.3,1.2,109.6,1.3,0.0
10/27/2017 0:00,7.6,10.2,17.3,1.2,83.8,1.0,0.0
10/28/2017 0:00,7.0,10.4,13.7,1.3,67.0,0.8,0.0
10/29/2017 0:00,7.9,11.0,12.1,1.3,57.3,0.7,0.0
10/30/2017 0:00,3.3,9.6,13.5,1.2,81.1,0.9,0.3
10/31/2017 0:00,3.2,7.8,13.6,1.1,82.3,1.0,0.0
11/1/2017 0:00,5.9,8.6,12.9,1.1,106.0,1.2,0.0
11/2/2017 0:00,5.4,7.7,12.9,1.1,109.0,1.3,0.0
11/3/2017 0:00,6.8,11.8,13.1,1.4,70.8,0.8,8.7
11/4/2017 0:00,5.1,10.1,13.0,1.2,91.6,1.1,0.0
11/5/2017 0:00,5.0,5.6,10.2,0.9,121.3,1.4,0.0
11/6/2017 0:00,4.7,6.7,11.2,1.0,104.9,1.2,0.0
11/7/2017 0:00,3.8,5.3,11.6,0.9,133.2,1.5,0.0
11/8/2017 0:00,4.9,9.5,12.9,1.2,143.6,1.7,0.8
11/9/2017 0:00,5.4,14.0,14.4,1.6,99.4,1.2,8.7
11/10/2017 0:00,4.5,12.2,13.6,1.4,68.9,0.8,0.0
11/11/2017 0:00,5.6,10.3,12.7,1.3,102.6,1.2,0.1
11/12/2017 0:00,7.5,9.0,11.7,1.1,107.8,1.2,0.0
11/13/2017 0:00,5.0,11.4,13.6,1.4,97.7,1.1,1.6
11/14/2017 0:00,5.3,10.4,14.9,1.3,84.7,1.0,0.1
11/15/2017 0:00,5.2,9.0,13.8,1.1,90.4,1.0,2.7
11/16/2017 0:00,5.4,13.9,14.7,1.6,151.4,1.8,34.1
11/17/2017 0:00,3.0,7.6,12.4,1.0,84.9,1.0,0.0
11/18/2017 0:00,4.6,4.8,11.2,0.9,96.5,1.1,0.0
11/19/2017 0:00,7.6,7.1,11.2,1.0,84.0,1.0,0.0
11/20/2017 0:00,8.0,10.2,15.5,1.2,77.3,0.9,0.0
11/21/2017 0:00,6.4,12.9,18.4,1.5,91.7,1.1,0.0
11/22/2017 0:00,11.0,13.4,18.1,1.5,72.5,0.8,0.0
11/23/2017 0:00,12.3,13.2,17.8,1.5,70.2,0.8,0.0
11/24/2017 0:00,7.6,0.0,18.7,1.5,82.3,1.0,0.0
11/25/2017 0:00,4.6,10.7,16.6,1.3,113.4,1.3,0.0
11/26/2017 0:00,6.3,13.7,14.9,1.6,93.4,1.1,9.9
11/27/2017 0:00,5.1,7.8,10.7,1.1,67.2,0.8,5.7
11/28/2017 0:00,7.1,6.8,10.8,1.0,79.9,0.9,0.0
11/29/2017 0:00,6.7,7.0,11.7,1.0,83.2,1.0,0.0
11/30/2017 0:00,7.2,5.6,12.3,0.9,104.0,1.2,0.0
12/1/2017 0:00,8.9,6.2,10.2,0.9,119.7,1.4,0.0
12/2/2017 0:00,11.5,7.9,10.8,1.1,84.4,1.0,0.0
12/3/2017 0:00,4.0,4.3,11.4,0.8,104.4,1.2,0.1
12/4/2017 0:00,3.8,-3.8,12.1,0.5,112.7,1.3,0.0
12/5/2017 0:00,4.6,-2.7,10.9,0.5,117.7,1.4,0.0
12/6/2017 0:00,8.2,-0.9,11.5,0.6,123.1,1.4,0.0
12/7/2017 0:00,7.5,0.0,12.9,0.6,149.9,1.7,0.0
12/8/2017 0:00,9.7,0.9,12.9,0.7,137.7,1.6,0.0
12/9/2017 0:00,6.3,0.8,14.3,0.6,139.4,1.6,0.0
12/10/2017 0:00,5.9,-0.9,15.1,0.6,159.9,1.9,0.0
12/11/2017 0:00,8.0,0.3,14.8,0.6,152.1,1.8,0.0
12/12/2017 0:00,6.2,-0.9,12.3,0.6,140.1,1.6,0.0
12/13/2017 0:00,8.8,-0.8,10.5,0.6,132.4,1.5,0.0
12/14/2017 0:00,11.5,2.8,11.6,0.7,128.3,1.5,0.0
12/15/2017 0:00,12.9,5.0,11.3,0.9,115.5,1.3,0.0
12/16/2017 0:00,5.7,-1.9,13.3,0.5,154.2,1.8,0.0
12/17/2017 0:00,4.6,-4.2,12.6,0.4,119.3,1.4,0.0
12/18/2017 0:00,0.0,-0.8,10.4,0.6,137.4,1.6,0.0
12/19/2017 0:00,0.0,4.5,9.9,0.8,119.1,1.4,0.0
12/20/2017 0:00,0.0,5.4,9.8,0.9,105.1,1.2,4.2
12/21/2017 0:00,0.0,-0.7,7.4,0.6,116.0,1.3,0.0
12/22/2017 0:00,6.3,-1.7,6.5,0.5,135.5,1.6,0.0
12/23/2017 0:00,9.4,2.9,9.2,0.8,109.6,1.3,0.0
12/24/2017 0:00,16.7,5.3,9.6,0.9,86.1,1.0,0.0
12/25/2017 0:00,12.0,2.6,11.4,0.7,98.2,1.1,0.0
12/26/2017 0:00,10.7,5.4,11.4,0.9,101.0,1.2,0.0
12/27/2017 0:00,7.6,5.8,10.3,0.9,101.1,1.2,0.0
12/28/2017 0:00,6.4,5.1,12.4,0.9,130.6,1.5,0.0
12/29/2017 0:00,6.2,3.8,12.7,0.8,136.8,1.6,0.0
12/30/2017 0:00,10.4,4.3,11.5,0.8,115.7,1.3,0.0
12/31/2017 0:00,9.7,8.1,10.8,1.1,94.6,1.1,0.0
1/1/2018 0:00,8.5,8.5,12.2,1.1,101.3,1.2,0.0
1/2/2018 0:00,9.9,7.0,13.3,1.0,126.5,1.5,0.0
1/3/2018 0:00,6.2,8.5,11.7,1.1,124.3,1.4,16.7
1/4/2018 0:00,4.0,12.8,13.9,1.5,74.2,0.9,0.1
1/5/2018 0:00,3.6,14.0,14.1,1.6,44.2,0.5,8.5
1/6/2018 0:00,4.2,11.4,12.5,1.4,72.2,0.8,2.3
1/7/2018 0:00,5.7,8.6,11.5,1.1,107.1,1.2,0.0
1/8/2018 0:00,4.5,12.3,12.6,1.4,78.0,0.9,84.7
1/9/2018 0:00,1.2,12.1,13.0,1.4,90.7,1.1,14.7
1/10/2018 0:00,6.4,8.6,10.0,1.1,66.2,0.8,0.0
1/11/2018 0:00,7.0,10.0,12.1,1.2,105.1,1.2,0.1
1/12/2018 0:00,6.7,8.8,13.3,1.1,82.6,1.0,0.0
1/13/2018 0:00,5.8,8.4,13.0,1.1,96.2,1.1,0.0
1/14/2018 0:00,6.2,7.2,14.4,1.0,135.9,1.6,0.0
1/15/2018 0:00,6.2,8.4,12.4,1.1,100.7,1.2,0.0
1/16/2018 0:00,10.7,11.4,13.2,1.3,60.5,0.7,0.0
1/17/2018 0:00,9.2,11.0,13.0,1.3,71.6,0.8,0.1
1/18/2018 0:00,7.3,10.5,11.8,1.3,69.3,0.8,3.7
1/19/2018 0:00,5.3,6.4,9.4,1.0,66.8,0.8,0.3
1/20/2018 0:00,6.1,4.0,8.0,0.8,85.8,1.0,0.0
1/21/2018 0:00,6.7,5.4,7.6,0.9,93.9,1.1,0.0
1/22/2018 0:00,5.8,8.7,10.0,1.1,57.3,0.7,9.6
1/23/2018 0:00,7.5,7.2,10.1,1.0,112.1,1.3,0.0
1/24/2018 0:00,6.8,7.8,8.7,1.1,93.2,1.1,13.8
1/25/2018 0:00,4.4,6.3,8.5,1.0,97.6,1.1,0.5
1/26/2018 0:00,4.6,5.2,8.2,0.9,112.1,1.3,0.1
1/27/2018 0:00,5.4,6.0,10.8,0.9,112.4,1.3,0.0
1/28/2018 0:00,5.0,6.9,13.5,1.0,99.5,1.2,0.0
1/29/2018 0:00,5.7,7.0,14.4,1.0,135.5,1.6,0.0
1/30/2018 0:00,7.8,4.2,14.2,0.8,125.4,1.5,0.0
1/31/2018 0:00,8.9,6.2,13.6,0.9,113.5,1.3,0.0
2/1/2018 0:00,6.1,4.6,15.7,0.8,128.6,1.5,0.0
2/2/2018 0:00,5.6,6.8,16.4,1.0,108.3,1.3,0.0
2/3/2018 0:00,4.9,6.9,18.0,1.0,98.4,1.1,0.0
2/4/2018 0:00,6.1,8.4,17.1,1.1,111.1,1.3,0.0
2/5/2018 0:00,7.4,8.0,15.2,1.1,115.9,1.3,0.0
2/6/2018 0:00,3.7,0.0,18.9,0.6,120.6,1.4,0.0
2/7/2018 0:00,4.6,5.1,14.7,0.9,121.4,1.4,0.0
2/8/2018 0:00,7.4,5.3,15.7,0.9,116.3,1.3,0.0
2/9/2018 0:00,9.2,7.3,15.1,1.0,113.1,1.3,0.0
2/10/2018 0:00,8.5,4.5,14.0,0.8,115.2,1.3,0.0
2/11/2018 0:00,5.6,2.9,10.8,0.8,138.9,1.6,0.0
2/12/2018 0:00,3.2,3.0,9.9,0.8,101.2,1.2,0.0
2/13/2018 0:00,5.6,-0.1,11.0,0.6,123.5,1.4,0.0
2/14/2018 0:00,4.5,2.4,11.0,0.7,129.3,1.5,0.0
2/15/2018 0:00,6.3,1.5,10.5,0.7,119.5,1.4,0.0
2/16/2018 0:00,8.2,-0.3,10.1,0.6,145.7,1.7,0.0
2/17/2018 0:00,9.8,3.9,11.1,0.8,125.6,1.5,0.0
2/18/2018 0:00,4.8,4.4,9.1,0.8,154.8,1.8,0.3
2/19/2018 0:00,4.5,-0.3,6.9,0.6,146.4,1.7,0.3
2/20/2018 0:00,5.1,-1.0,5.9,0.6,125.5,1.5,0.0
2/21/2018 0:00,5.3,0.8,6.9,0.6,126.3,1.5,0.0
2/22/2018 0:00,6.5,1.7,7.0,0.7,160.2,1.9,0.2
2/23/2018 0:00,5.4,-3.3,6.7,0.5,111.8,1.3,0.0
2/24/2018 0:00,5.7,1.3,6.7,0.7,153.1,1.8,0.0
2/25/2018 0:00,8.1,2.6,8.7,0.7,125.1,1.4,0.0
2/26/2018 0:00,5.1,3.6,7.3,0.8,103.6,1.2,4.7
2/27/2018 0:00,3.5,-1.0,7.5,0.6,123.6,1.4,0.7
2/28/2018 0:00,4.3,4.2,7.0,0.8,148.8,1.7,1.4
3/1/2018 0:00,4.5,10.0,10.7,1.2,204.2,2.4,35.2
3/2/2018 0:00,2.6,6.7,8.9,1.0,135.7,1.6,2.2
3/3/2018 0:00,2.2,4.4,6.4,0.8,96.3,1.1,2.0
3/4/2018 0:00,2.8,3.0,7.1,0.8,136.1,1.6,0.1
3/5/2018 0:00,2.6,1.2,9.8,0.7,119.6,1.4,0.0
3/6/2018 0:00,0.0,1.3,11.9,0.7,144.1,1.7,0.0
3/7/2018 0:00,0.0,1.8,12.3,0.7,141.2,1.6,0.0
3/8/2018 0:00,0.0,10.5,14.2,1.3,107.2,1.2,1.2
3/9/2018 0:00,3.1,10.1,11.5,1.2,68.2,0.8,0.0
3/10/2018 0:00,6.4,9.9,11.2,1.2,56.9,0.7,1.0
3/11/2018 0:00,0.0,9.3,12.8,1.2,100.8,1.2,0.1
3/12/2018 0:00,4.1,11.4,12.8,1.3,80.2,0.9,15.8
3/13/2018 0:00,1.8,12.3,12.8,1.4,153.1,1.8,12.7
3/14/2018 0:00,2.6,7.5,9.1,1.0,81.0,0.9,2.9
3/15/2018 0:00,0.0,7.0,8.2,1.0,116.0,1.3,14.3
3/16/2018 0:00,3.0,6.6,9.3,1.0,103.3,1.2,4.5
3/17/2018 0:00,3.1,5.7,7.3,0.9,78.5,0.9,3.5
3/18/2018 0:00,5.0,4.6,8.0,0.8,96.9,1.1,0.1
3/19/2018 0:00,4.6,3.9,11.5,0.8,116.2,1.3,0.0
3/20/2018 0:00,5.9,8.4,10.4,1.1,84.8,1.0,23.3
3/21/2018 0:00,4.0,12.5,13.4,1.5,108.3,1.3,37.3
3/22/2018 0:00,3.8,9.8,11.3,1.2,182.2,2.1,12.6
3/23/2018 0:00,3.1,4.4,8.1,0.8,144.5,1.7,0.0
3/24/2018 0:00,4.8,5.4,9.0,0.9,123.2,1.4,0.3
3/25/2018 0:00,3.3,4.4,8.4,0.8,122.8,1.4,0.2
3/26/2018 0:00,4.1,2.5,11.5,0.7,109.1,1.3,0.0
3/27/2018 0:00,2.3,6.8,11.3,1.0,118.3,1.4,0.0
3/28/2018 0:00,2.0,8.3,13.8,1.1,120.9,1.4,0.0
3/29/2018 0:00,6.5,9.4,16.5,1.2,123.6,1.4,0.0
3/30/2018 0:00,8.7,8.8,17.2,1.1,133.7,1.5,0.0
3/31/2018 0:00,9.3,9.4,14.5,1.2,117.0,1.4,0.0
4/1/2018 0:00,9.0,9.6,14.1,1.2,87.4,1.0,0.0
4/2/2018 0:00,7.9,8.8,12.2,1.1,102.3,1.2,0.0
4/3/2018 0:00,9.0,8.5,12.2,1.1,113.8,1.3,0.0
4/4/2018 0:00,6.9,9.2,12.7,1.2,81.6,0.9,0.0
4/5/2018 0:00,5.1,8.8,13.0,1.1,83.0,1.0,0.3
4/6/2018 0:00,4.2,13.3,13.9,1.5,79.2,0.9,12.1
4/7/2018 0:00,6.4,12.1,14.8,1.4,126.8,1.5,14.9
4/8/2018 0:00,8.0,7.8,13.3,1.1,117.4,1.4,0.0
4/9/2018 0:00,8.1,9.2,16.0,1.2,103.1,1.2,0.0
4/10/2018 0:00,6.6,10.9,15.0,1.3,99.4,1.2,0.0
4/11/2018 0:00,2.6,7.1,11.3,1.0,135.8,1.6,1.9
4/12/2018 0:00,5.0,4.7,10.5,0.9,140.7,1.6,0.0
4/13/2018 0:00,7.8,5.3,12.8,0.9,112.8,1.3,0.0
4/14/2018 0:00,10.7,7.9,15.5,1.1,125.4,1.5,0.0
4/15/2018 0:00,6.5,7.6,11.9,1.0,131.2,1.5,0.8
4/16/2018 0:00,4.0,5.7,8.4,0.9,106.0,1.2,3.8
4/17/2018 0:00,3.6,4.9,10.1,0.9,139.7,1.6,0.0
4/18/2018 0:00,3.9,4.5,10.3,0.8,125.8,1.5,0.0
4/19/2018 0:00,4.7,5.5,11.3,0.9,138.0,1.6,0.0
4/20/2018 0:00,9.2,8.7,11.3,1.1,110.6,1.3,0.0
4/21/2018 0:00,8.0,9.1,15.0,1.2,91.9,1.1,0.0
4/22/2018 0:00,10.6,9.9,14.4,1.2,99.5,1.2,0.0
4/23/2018 0:00,9.6,10.2,12.3,1.2,88.1,1.0,0.0
4/24/2018 0:00,7.8,9.7,12.0,1.2,90.3,1.0,0.0
4/25/2018 0:00,10.3,9.1,11.3,1.2,98.8,1.1,0.0
4/26/2018 0:00,7.4,8.5,12.0,1.1,110.4,1.3,0.0
4/27/2018 0:00,6.9,8.1,12.7,1.1,130.4,1.5,0.0
4/28/2018 0:00,5.0,7.1,11.9,1.0,126.7,1.5,0.0
4/29/2018 0:00,3.1,7.8,12.5,1.1,133.3,1.5,0.0
4/30/2018 0:00,6.5,6.5,11.8,1.0,128.2,1.5,0.0
5/1/2018 0:00,7.6,7.7,11.5,1.1,106.1,1.2,0.0
5/2/2018 0:00,7.5,8.4,11.8,1.1,121.0,1.4,0.0
5/3/2018 0:00,4.9,9.5,12.7,1.2,102.6,1.2,0.0
5/4/2018 0:00,5.8,9.3,14.4,1.2,89.8,1.0,0.0
5/5/2018 0:00,7.9,9.8,13.6,1.2,102.7,1.2,0.0
5/6/2018 0:00,4.2,9.5,14.2,1.2,98.8,1.1,0.0
5/7/2018 0:00,4.5,9.5,14.8,1.2,102.8,1.2,0.1
5/8/2018 0:00,4.0,10.5,13.9,1.3,93.8,1.1,0.1
5/9/2018 0:00,3.2,10.2,15.2,1.2,143.6,1.7,0.1
5/10/2018 0:00,7.6,9.3,14.1,1.2,101.3,1.2,0.0
5/11/2018 0:00,10.4,9.6,13.2,1.2,101.4,1.2,0.0
5/12/2018 0:00,9.1,10.0,13.0,1.2,127.1,1.5,0.1
5/13/2018 0:00,5.8,9.4,12.9,1.2,125.0,1.4,0.0
5/14/2018 0:00,3.7,8.9,12.1,1.1,129.0,1.5,0.0
5/15/2018 0:00,1.7,9.2,13.3,1.2,124.2,1.4,0.0
5/16/2018 0:00,1.6,8.5,13.0,1.1,135.6,1.6,0.0
5/17/2018 0:00,2.5,9.6,13.9,1.2,124.2,1.4,0.0
5/18/2018 0:00,3.4,10.5,14.5,1.3,107.8,1.2,0.0
5/19/2018 0:00,4.2,9.4,14.4,1.2,133.7,1.5,0.0
5/20/2018 0:00,6.1,8.4,13.6,1.1,154.7,1.8,0.0
5/21/2018 0:00,6.5,9.7,13.7,1.2,99.3,1.1,0.0
5/22/2018 0:00,2.5,10.4,13.8,1.3,91.8,1.1,0.0
5/23/2018 0:00,1.5,10.2,12.9,1.2,103.9,1.2,0.0
5/24/2018 0:00,1.0,9.4,13.2,1.2,105.1,1.2,0.0
5/25/2018 0:00,1.4,10.7,13.1,1.3,113.0,1.3,0.1
5/26/2018 0:00,3.0,10.0,13.9,1.2,106.5,1.2,0.0
5/27/2018 0:00,6.7,10.4,13.4,1.3,102.3,1.2,0.1
5/28/2018 0:00,11.0,12.0,15.6,1.4,102.0,1.2,0.1
5/29/2018 0:00,10.1,12.0,15.1,1.4,92.4,1.1,0.2
5/30/2018 0:00,8.1,8.8,14.0,1.1,122.5,1.4,0.0
5/31/2018 0:00,3.6,7.0,13.3,1.0,138.8,1.6,0.1
6/1/2018 0:00,6.8,8.7,15.3,1.1,116.3,1.3,0.0
6/2/2018 0:00,7.7,10.4,17.6,1.3,113.7,1.3,0.0
6/3/2018 0:00,10.4,11.3,15.9,1.3,91.2,1.1,0.0
6/4/2018 0:00,8.0,10.3,16.8,1.3,108.1,1.3,0.0
6/5/2018 0:00,7.5,8.9,14.2,1.1,116.1,1.3,0.0
6/6/2018 0:00,5.5,8.8,14.0,1.1,135.0,1.6,0.0
6/7/2018 0:00,6.4,9.5,15.7,1.2,107.2,1.2,0.0
6/8/2018 0:00,7.4,10.0,15.4,1.2,104.3,1.2,0.0
6/9/2018 0:00,4.1,8.4,15.0,1.1,152.8,1.8,0.0
6/10/2018 0:00,5.3,6.0,15.4,0.9,139.8,1.6,0.0
6/11/2018 0:00,5.9,9.5,15.9,1.2,110.9,1.3,0.0
6/12/2018 0:00,9.3,11.3,16.5,1.3,92.0,1.1,0.0
6/13/2018 0:00,9.7,11.4,15.0,1.3,89.1,1.0,0.0
6/14/2018 0:00,8.9,10.9,14.1,1.3,99.4,1.2,0.0
6/15/2018 0:00,7.7,10.6,13.4,1.3,83.9,1.0,0.0
6/16/2018 0:00,6.8,10.9,12.6,1.3,107.7,1.2,0.1
6/17/2018 0:00,8.5,11.1,13.9,1.3,96.8,1.1,0.1
6/18/2018 0:00,7.9,12.0,15.8,1.4,97.4,1.1,0.0
6/19/2018 0:00,6.8,11.9,15.8,1.4,86.1,1.0,0.3
6/20/2018 0:00,6.9,11.1,15.3,1.3,90.3,1.0,0.0
6/21/2018 0:00,7.3,10.3,15.5,1.3,100.3,1.2,0.0
6/22/2018 0:00,9.3,11.2,16.0,1.3,89.3,1.0,0.0
6/23/2018 0:00,12.8,11.7,16.4,1.4,91.4,1.1,0.0
6/24/2018 0:00,4.8,13.5,15.6,1.5,106.1,1.2,0.2
6/25/2018 0:00,4.1,12.6,15.5,1.5,104.4,1.2,0.0
6/26/2018 0:00,7.4,11.3,14.5,1.3,77.4,0.9,0.0
6/27/2018 0:00,7.4,11.3,14.2,1.3,89.6,1.0,0.2
6/28/2018 0:00,10.2,11.1,16.5,1.3,89.5,1.0,0.1
6/29/2018 0:00,10.3,10.9,14.5,1.3,101.3,1.2,0.0
6/30/2018 0:00,7.0,11.8,14.5,1.4,117.9,1.4,0.0
7/1/2018 0:00,4.2,12.7,14.8,1.5,115.1,1.3,0.0
7/2/2018 0:00,2.6,12.7,15.1,1.5,107.6,1.2,0.2
7/3/2018 0:00,7.2,11.5,14.1,1.4,97.2,1.1,0.7
7/4/2018 0:00,8.3,11.5,15.5,1.4,110.9,1.3,0.0
7/5/2018 0:00,7.5,12.0,16.0,1.4,87.1,1.0,0.0
7/6/2018 0:00,8.6,13.0,22.0,1.5,98.1,1.1,0.0
7/7/2018 0:00,7.4,11.8,19.6,1.4,93.4,1.1,0.0
7/8/2018 0:00,8.6,10.8,19.4,1.3,91.5,1.1,0.0
7/9/2018 0:00,8.3,9.1,20.0,1.2,95.9,1.1,0.0
7/10/2018 0:00,10.0,10.8,20.2,1.3,119.1,1.4,0.0
7/11/2018 0:00,5.6,12.8,15.7,1.5,100.8,1.2,0.0
7/12/2018 0:00,4.0,13.1,16.0,1.5,105.7,1.2,0.0
7/13/2018 0:00,4.0,14.2,17.7,1.6,90.0,1.0,0.0
7/14/2018 0:00,3.4,14.1,17.6,1.6,83.5,1.0,0.0
7/15/2018 0:00,3.7,13.2,16.8,1.5,78.9,0.9,0.0
7/16/2018 0:00,4.0,12.9,16.1,1.5,85.6,1.0,0.0
7/17/2018 0:00,6.0,12.9,15.9,1.5,81.0,0.9,0.0
7/18/2018 0:00,5.2,13.1,15.3,1.5,98.1,1.1,0.0
7/19/2018 0:00,4.2,13.4,16.7,1.5,91.1,1.1,0.0
7/20/2018 0:00,4.3,14.2,17.4,1.6,98.2,1.1,0.0
7/21/2018 0:00,2.0,14.7,17.4,1.7,100.7,1.2,0.0
7/22/2018 0:00,3.9,14.3,18.2,1.6,82.9,1.0,0.0
7/23/2018 0:00,6.4,13.9,18.3,1.6,94.2,1.1,0.0
7/24/2018 0:00,7.8,13.6,18.2,1.6,84.9,1.0,0.0
7/25/2018 0:00,8.0,13.7,18.1,1.6,90.2,1.0,0.0
7/26/2018 0:00,5.9,13.5,17.1,1.5,81.8,0.9,0.0
7/27/2018 0:00,7.0,13.3,16.7,1.5,86.3,1.0,0.0
7/28/2018 0:00,6.1,12.9,16.4,1.5,80.6,0.9,0.0
7/29/2018 0:00,3.3,12.7,15.9,1.5,80.8,0.9,0.0
7/30/2018 0:00,3.9,12.6,16.2,1.5,87.0,1.0,0.0
7/31/2018 0:00,4.7,12.4,15.6,1.4,81.1,0.9,0.0
8/1/2018 0:00,6.3,12.2,15.4,1.4,84.0,1.0,0.0
8/2/2018 0:00,5.0,12.0,15.7,1.4,84.0,1.0,0.0
8/3/2018 0:00,5.1,11.6,14.7,1.4,80.7,0.9,0.0
8/4/2018 0:00,7.5,11.8,17.0,1.4,92.2,1.1,0.0
8/5/2018 0:00,6.9,11.3,16.1,1.3,87.6,1.0,0.0
8/6/2018 0:00,5.0,10.8,16.4,1.3,89.4,1.0,0.0
8/7/2018 0:00,4.4,11.3,14.6,1.3,77.2,0.9,0.0
8/8/2018 0:00,4.6,11.5,15.7,1.4,74.8,0.9,0.0
8/9/2018 0:00,6.3,11.6,16.9,1.4,82.0,0.9,0.0
8/10/2018 0:00,4.8,11.7,15.3,1.4,83.3,1.0,0.0
8/11/2018 0:00,5.3,12.6,16.5,1.5,83.4,1.0,0.0
8/12/2018 0:00,4.2,12.3,15.3,1.4,85.6,1.0,0.0
8/13/2018 0:00,3.9,13.2,17.3,1.5,94.5,1.1,0.0
8/14/2018 0:00,4.0,13.2,16.5,1.5,86.9,1.0,0.0
8/15/2018 0:00,8.4,13.1,17.4,1.5,97.4,1.1,0.0
8/16/2018 0:00,0.0,13.1,18.1,1.5,87.1,1.0,0.0
8/17/2018 0:00,19.2,12.6,16.9,1.5,90.1,1.0,0.0
8/18/2018 0:00,10.3,12.7,15.3,1.5,86.7,1.0,0.0
8/19/2018 0:00,16.9,12.4,15.2,1.4,79.5,0.9,0.0
8/20/2018 0:00,21.3,12.7,14.9,1.5,87.7,1.0,0.0
8/21/2018 0:00,13.3,13.1,15.6,1.5,88.4,1.0,0.0
8/22/2018 0:00,22.9,13.5,16.8,1.5,93.0,1.1,0.0
8/23/2018 0:00,40.7,12.7,16.8,1.5,88.8,1.0,0.0
8/24/2018 0:00,34.7,12.6,15.8,1.5,109.4,1.3,0.0
8/25/2018 0:00,13.2,12.8,15.2,1.5,86.6,1.0,0.0
8/26/2018 0:00,13.0,11.9,14.9,1.4,92.6,1.1,0.0
8/27/2018 0:00,10.7,12.7,15.2,1.5,76.3,0.9,0.0
8/28/2018 0:00,5.1,12.4,15.9,1.4,103.1,1.2,0.0
8/29/2018 0:00,8.1,12.7,16.4,1.5,136.3,1.6,0.0
8/30/2018 0:00,10.5,12.8,17.3,1.5,89.9,1.0,0.0
8/31/2018 0:00,8.4,12.6,16.4,1.5,87.4,1.0,0.0
9/1/2018 0:00,7.1,12.2,16.0,1.4,92.1,1.1,0.0
9/2/2018 0:00,11.9,12.5,14.2,1.4,79.8,0.9,0.0
9/3/2018 0:00,11.8,12.5,15.1,1.5,81.2,0.9,0.0
9/4/2018 0:00,12.0,13.2,15.5,1.5,91.2,1.1,0.0
9/5/2018 0:00,11.1,12.6,15.0,1.5,83.9,1.0,0.0
9/6/2018 0:00,11.5,12.6,16.0,1.5,72.3,0.8,0.0
9/7/2018 0:00,9.5,12.1,15.5,1.4,76.5,0.9,0.0
9/8/2018 0:00,7.7,11.8,15.8,1.4,86.9,1.0,0.0
9/9/2018 0:00,7.7,11.0,15.0,1.3,91.4,1.1,0.0
9/10/2018 0:00,6.4,11.6,14.8,1.4,97.2,1.1,0.0
9/11/2018 0:00,7.6,11.3,15.3,1.3,103.5,1.2,0.0
9/12/2018 0:00,4.6,9.2,15.8,1.2,129.6,1.5,0.0
9/13/2018 0:00,4.8,9.5,15.4,1.2,125.7,1.5,0.0
9/14/2018 0:00,4.9,9.6,15.7,1.2,102.0,1.2,0.0
9/15/2018 0:00,3.6,9.2,15.8,1.2,106.7,1.2,0.0
9/16/2018 0:00,2.9,9.4,15.9,1.2,110.6,1.3,0.0
9/17/2018 0:00,3.8,9.9,15.5,1.2,104.5,1.2,0.0
9/18/2018 0:00,5.9,10.2,13.7,1.2,96.8,1.1,0.0
9/19/2018 0:00,9.5,10.7,14.1,1.3,91.9,1.1,0.0
9/20/2018 0:00,9.0,8.6,20.5,1.1,119.8,1.4,0.7
9/21/2018 0:00,9.7,11.0,13.8,1.3,126.7,1.5,0.0
9/22/2018 0:00,9.4,11.2,13.2,1.3,88.5,1.0,0.0
9/23/2018 0:00,9.7,10.6,13.5,1.3,94.2,1.1,0.0
9/24/2018 0:00,9.1,10.6,12.3,1.3,100.7,1.2,0.1
9/25/2018 0:00,11.8,10.9,12.8,1.3,97.4,1.1,0.0
9/26/2018 0:00,9.3,11.2,13.8,1.3,91.1,1.1,0.0
9/27/2018 0:00,7.6,11.8,13.4,1.4,84.5,1.0,0.0
9/28/2018 0:00,9.4,12.1,14.0,1.4,84.0,1.0,0.1
9/29/2018 0:00,7.3,12.2,15.6,1.4,112.1,1.3,0.0
9/30/2018 0:00,4.1,12.7,17.4,1.5,101.1,1.2,0.0
10/1/2018 0:00,6.7,12.2,17.3,1.4,95.0,1.1,0.0
10/2/2018 0:00,5.7,13.5,18.0,1.5,111.5,1.3,0.0
10/3/2018 0:00,4.6,15.1,17.6,1.7,100.5,1.2,1.0
10/4/2018 0:00,3.3,14.1,17.3,1.6,98.4,1.1,0.5
10/5/2018 0:00,6.3,10.9,16.4,1.3,110.5,1.3,0.0
10/6/2018 0:00,4.8,10.7,16.6,1.3,119.1,1.4,0.0
10/7/2018 0:00,22.8,4.9,20.0,0.9,122.4,1.4,0.0
10/8/2018 0:00,13.0,9.0,16.1,1.1,99.9,1.2,0.0
10/9/2018 0:00,9.1,12.1,14.5,1.4,101.9,1.2,0.3
10/10/2018 0:00,4.6,11.1,13.9,1.3,99.7,1.2,0.9
10/11/2018 0:00,7.0,10.1,15.9,1.2,103.4,1.2,0.0
10/12/2018 0:00,8.0,10.5,17.0,1.3,110.9,1.3,0.0
10/13/2018 0:00,8.6,8.7,15.7,1.1,128.6,1.5,0.0
10/14/2018 0:00,10.0,10.6,14.3,1.3,105.1,1.2,0.0
10/15/2018 0:00,7.3,6.4,15.5,1.0,116.6,1.4,0.0
10/16/2018 0:00,5.4,6.4,13.8,1.0,122.6,1.4,0.1
10/17/2018 0:00,10.5,7.1,13.1,1.0,116.2,1.3,0.0
10/18/2018 0:00,12.0,7.3,13.7,1.0,108.3,1.3,0.0
10/19/2018 0:00,11.9,8.2,16.6,1.1,107.7,1.2,0.0
10/20/2018 0:00,12.5,7.6,16.4,1.0,108.2,1.3,0.0
10/21/2018 0:00,15.2,9.5,13.0,1.2,92.7,1.1,0.0
10/22/2018 0:00,10.7,10.4,12.6,1.3,102.2,1.2,0.1
10/23/2018 0:00,7.9,9.9,12.7,1.2,109.8,1.3,0.0
10/24/2018 0:00,7.1,9.8,13.9,1.2,111.9,1.3,0.0
10/25/2018 0:00,6.2,11.7,15.9,1.4,107.9,1.2,0.1
10/26/2018 0:00,8.4,10.8,16.6,1.3,102.2,1.2,0.0
10/27/2018 0:00,8.6,11.1,16.8,1.3,97.4,1.1,0.0
10/28/2018 0:00,5.9,12.5,17.3,1.5,92.7,1.1,0.0
10/29/2018 0:00,6.6,5.8,15.3,0.9,121.7,1.4,0.0
10/30/2018 0:00,7.6,4.6,14.8,0.8,114.7,1.3,0.0
10/31/2018 0:00,8.5,5.4,14.8,0.9,110.2,1.3,0.0
11/1/2018 0:00,8.2,7.7,17.9,1.1,85.0,1.0,0.0
11/2/2018 0:00,8.2,10.0,15.9,1.2,95.2,1.1,0.0
11/3/2018 0:00,7.0,9.1,16.2,1.2,106.1,1.2,0.0
11/4/2018 0:00,13.3,7.0,14.7,1.0,92.7,1.1,0.0
11/5/2018 0:00,0.0,9.2,13.9,1.2,100.6,1.2,0.0
11/6/2018 0:00,0.0,3.4,14.0,0.8,103.0,1.2,0.0
11/7/2018 0:00,0.0,4.4,13.7,0.8,102.0,1.2,0.0
11/8/2018 0:00,0.0,-7.7,17.6,0.3,106.1,1.2,0.0
11/9/2018 0:00,40.7,-7.7,16.8,0.3,104.1,1.2,0.0
11/10/2018 0:00,92.0,-3.9,11.8,0.5,124.1,1.4,0.0
11/11/2018 0:00,52.1,-4.7,13.9,0.4,101.2,1.2,0.0
11/12/2018 0:00,29.0,-3.0,13.1,0.5,156.7,1.8,0.0
11/13/2018 0:00,22.0,-3.2,13.1,0.5,127.5,1.5,0.0
11/14/2018 0:00,34.9,-4.7,13.8,0.4,129.4,1.5,0.0
11/15/2018 0:00,58.6,-3.3,13.4,0.5,129.9,1.5,0.0
11/16/2018 0:00,59.7,0.1,12.0,0.6,128.6,1.5,0.0
11/17/2018 0:00,57.7,5.6,9.8,0.9,126.9,1.5,0.0
11/18/2018 0:00,43.2,6.6,10.0,1.0,129.7,1.5,0.0
11/19/2018 0:00,35.7,3.8,13.2,0.8,111.5,1.3,0.0
11/20/2018 0:00,20.6,7.0,11.7,1.0,130.2,1.5,0.0
11/21/2018 0:00,8.0,12.8,14.2,1.5,106.5,1.2,14.7
11/22/2018 0:00,4.2,12.2,14.3,1.4,129.5,1.5,17.8
11/23/2018 0:00,4.8,14.3,14.3,1.6,99.4,1.2,26.5
11/24/2018 0:00,3.5,13.5,14.9,1.5,104.4,1.2,0.3
11/25/2018 0:00,5.6,9.5,13.0,1.2,124.3,1.4,0.0
11/26/2018 0:00,9.0,8.9,13.5,1.1,121.1,1.4,0.0
11/27/2018 0:00,8.2,11.3,12.8,1.3,90.7,1.1,6.4
11/28/2018 0:00,4.1,13.9,14.4,1.6,102.2,1.2,32.6
11/29/2018 0:00,4.8,11.4,13.3,1.4,174.1,2.0,28.7
11/30/2018 0:00,5.3,7.1,11.4,1.0,113.8,1.3,0.0
12/1/2018 0:00,5.3,7.4,8.9,1.0,91.2,1.1,9.4
12/2/2018 0:00,4.2,5.4,8.9,0.9,110.9,1.3,0.0
12/3/2018 0:00,6.0,4.9,9.7,0.9,119.9,1.4,0.0
12/4/2018 0:00,0.0,6.1,11.0,0.9,103.1,1.2,6.2
12/5/2018 0:00,0.0,9.9,11.3,1.2,89.7,1.0,4.9
12/6/2018 0:00,0.0,9.2,12.8,1.2,91.5,1.1,0.0
12/7/2018 0:00,7.3,8.4,11.5,1.1,125.2,1.4,0.0
12/8/2018 0:00,8.5,7.8,11.6,1.1,126.1,1.5,0.1
12/9/2018 0:00,0.0,8.0,10.3,1.1,118.9,1.4,0.0
12/10/2018 0:00,10.3,7.7,10.5,1.0,102.3,1.2,0.0
12/11/2018 0:00,10.1,7.1,9.6,1.0,103.6,1.2,0.0
12/12/2018 0:00,0.0,6.8,12.4,1.0,135.5,1.6,0.0
12/13/2018 0:00,10.2,4.7,11.1,0.9,147.6,1.7,0.0
12/14/2018 0:00,9.4,10.2,12.6,1.2,134.8,1.6,0.1
12/15/2018 0:00,8.0,9.7,11.9,1.2,99.4,1.2,0.1
12/16/2018 0:00,7.7,11.0,12.8,1.3,68.4,0.8,38.5
12/17/2018 0:00,6.1,10.0,11.7,1.2,83.6,1.0,22.0
12/18/2018 0:00,8.4,8.5,10.5,1.1,127.8,1.5,0.0
12/19/2018 0:00,6.9,9.9,12.0,1.2,111.0,1.3,0.1
12/20/2018 0:00,7.5,9.2,11.4,1.2,109.4,1.3,0.0
12/21/2018 0:00,8.2,10.8,13.2,1.3,82.6,1.0,0.0
12/22/2018 0:00,5.7,7.0,11.9,1.0,94.1,1.1,0.0
12/23/2018 0:00,8.0,6.7,11.1,1.0,108.3,1.3,0.0
12/24/2018 0:00,8.2,9.3,10.7,1.2,84.0,1.0,11.1
12/25/2018 0:00,3.7,6.1,10.6,0.9,111.9,1.3,1.6
12/26/2018 0:00,8.0,5.6,9.2,0.9,100.8,1.2,0.0
12/27/2018 0:00,3.5,2.1,11.3,0.7,121.0,1.4,0.0
12/28/2018 0:00,3.4,-4.4,10.2,0.4,119.4,1.4,0.0
12/29/2018 0:00,6.2,-0.5,7.2,0.6,124.5,1.4,0.0
12/30/2018 0:00,7.5,5.6,8.6,0.9,97.5,1.1,0.0
12/31/2018 0:00,3.3,-1.5,9.7,0.5,128.8,1.5,0.0
1/1/2019 0:00,3.1,-5.4,8.0,0.4,106.3,1.2,0.0
1/2/2019 0:00,5.2,-2.7,6.2,0.5,135.0,1.6,0.0
1/3/2019 0:00,7.7,0.1,7.6,0.6,133.0,1.5,0.0
1/4/2019 0:00,8.0,5.0,8.4,0.9,135.0,1.6,0.0
1/5/2019 0:00,5.7,7.8,9.9,1.1,109.6,1.3,12.7
1/6/2019 0:00,4.7,9.9,9.8,1.2,152.6,1.8,62.9
1/7/2019 0:00,5.2,10.3,11.4,1.2,88.1,1.0,0.2
1/8/2019 0:00,6.5,11.3,12.6,1.3,93.1,1.1,2.1
1/9/2019 0:00,6.3,12.1,13.2,1.4,149.7,1.7,4.9
1/10/2019 0:00,6.8,10.0,11.3,1.2,75.3,0.9,0.2
1/11/2019 0:00,5.7,9.6,10.7,1.2,80.5,0.9,9.5
1/12/2019 0:00,4.8,9.7,11.5,1.2,111.7,1.3,0.7
1/13/2019 0:00,4.0,8.0,10.9,1.1,114.3,1.3,0.0
1/14/2019 0:00,5.6,8.1,10.7,1.1,103.2,1.2,1.9
1/15/2019 0:00,4.1,10.2,11.0,1.2,119.3,1.4,45.8
1/16/2019 0:00,5.3,12.0,13.3,1.4,158.6,1.8,23.3
1/17/2019 0:00,9.9,11.6,12.7,1.4,120.4,1.4,11.4
1/18/2019 0:00,8.9,9.9,12.6,1.2,94.8,1.1,0.0
1/19/2019 0:00,9.0,11.0,14.6,1.3,89.4,1.0,0.0
1/20/2019 0:00,7.0,10.6,11.5,1.3,99.2,1.1,4.4
1/21/2019 0:00,3.7,5.9,9.8,0.9,108.8,1.3,0.3
1/22/2019 0:00,6.3,2.0,10.5,0.7,117.5,1.4,0.0
1/23/2019 0:00,7.3,2.8,9.2,0.7,124.0,1.4,0.0
1/24/2019 0:00,7.8,4.7,11.5,0.9,112.5,1.3,0.0
1/25/2019 0:00,7.1,4.5,12.7,0.8,119.1,1.4,0.0
1/26/2019 0:00,8.4,4.2,13.1,0.8,115.3,1.3,0.0
1/27/2019 0:00,8.3,5.7,14.9,0.9,113.0,1.3,0.0
1/28/2019 0:00,10.4,8.0,13.5,1.1,93.7,1.1,0.0
1/29/2019 0:00,9.2,9.7,12.6,1.2,87.6,1.0,0.0
1/30/2019 0:00,10.2,10.3,11.9,1.3,80.4,0.9,3.1
1/31/2019 0:00,6.1,10.7,12.4,1.3,87.4,1.0,13.5
2/1/2019 0:00,5.0,10.2,12.1,1.2,96.9,1.1,10.7
2/2/2019 0:00,6.7,9.9,11.8,1.2,210.8,2.4,41.8
2/3/2019 0:00,5.6,9.7,11.9,1.2,191.1,2.2,15.2
2/4/2019 0:00,4.6,6.6,8.5,1.0,142.4,1.6,24.5
2/5/2019 0:00,3.2,1.6,5.2,0.7,108.5,1.3,3.5
2/6/2019 0:00,6.5,3.3,5.8,0.8,106.7,1.2,0.1
2/7/2019 0:00,7.1,2.7,7.3,0.7,120.7,1.4,0.0
2/8/2019 0:00,6.1,5.7,7.0,0.9,95.3,1.1,2.8
2/9/2019 0:00,4.2,6.2,7.9,0.9,118.4,1.4,0.3
2/10/2019 0:00,3.3,3.6,7.0,0.8,122.9,1.4,0.0
2/11/2019 0:00,4.8,2.5,6.1,0.7,126.1,1.5,0.0
2/12/2019 0:00,5.7,3.7,7.2,0.8,118.7,1.4,0.4
2/13/2019 0:00,5.8,10.5,11.5,1.3,124.3,1.4,0.4
2/14/2019 0:00,5.3,10.3,12.4,1.3,179.0,2.1,0.0
2/15/2019 0:00,5.4,6.2,8.1,0.9,95.0,1.1,0.2
2/16/2019 0:00,6.5,5.3,7.2,0.9,96.9,1.1,0.0
2/17/2019 0:00,4.7,3.1,6.7,0.8,127.4,1.5,0.0
2/18/2019 0:00,5.2,-1.4,7.3,0.6,109.9,1.3,0.0
2/19/2019 0:00,0.0,0.4,6.9,0.6,127.4,1.5,0.0
2/20/2019 0:00,0.0,4.1,9.3,0.8,133.2,1.5,0.0
2/21/2019 0:00,2.5,-1.1,8.8,0.6,120.7,1.4,0.0
2/22/2019 0:00,1.5,-3.2,8.8,0.5,131.2,1.5,0.0
2/23/2019 0:00,6.9,1.9,7.4,0.7,128.4,1.5,0.0
2/24/2019 0:00,8.4,5.6,9.3,0.9,123.9,1.4,0.0
2/25/2019 0:00,5.5,8.3,12.4,1.1,192.4,2.2,0.0
2/26/2019 0:00,7.4,8.7,12.1,1.1,162.4,1.9,8.9
2/27/2019 0:00,0.0,11.1,12.4,1.3,165.3,1.9,19.6
2/28/2019 0:00,0.0,7.5,10.9,1.0,100.4,1.2,0.7
3/1/2019 0:00,6.9,6.5,10.0,1.0,109.6,1.3,1.4
3/2/2019 0:00,3.0,11.8,12.5,1.4,106.9,1.2,51.3
3/3/2019 0:00,2.8,10.7,12.1,1.3,100.9,1.2,4.9
3/4/2019 0:00,5.1,8.0,10.9,1.1,88.9,1.0,0.0
3/5/2019 0:00,3.7,9.6,11.0,1.2,97.8,1.1,9.1
3/6/2019 0:00,4.2,10.5,11.8,1.3,193.0,2.2,20.8
3/7/2019 0:00,4.0,7.6,9.7,1.0,75.5,0.9,4.5
3/8/2019 0:00,2.9,3.9,7.5,0.8,111.6,1.3,0.2
3/9/2019 0:00,4.2,5.7,7.1,0.9,100.5,1.2,21.9
3/10/2019 0:00,4.3,6.9,9.5,1.0,109.4,1.3,9.0
3/11/2019 0:00,3.9,4.9,10.6,0.9,112.1,1.3,0.0
3/12/2019 0:00,7.1,5.5,10.1,0.9,150.7,1.7,0.0
3/13/2019 0:00,2.7,-0.5,10.8,0.6,123.4,1.4,0.0
3/14/2019 0:00,6.5,2.5,10.1,0.7,140.7,1.6,0.0
3/15/2019 0:00,6.2,3.2,12.1,0.8,124.8,1.4,0.0
3/16/2019 0:00,9.1,5.3,12.7,0.9,133.3,1.5,0.0
3/17/2019 0:00,7.6,5.8,14.9,0.9,119.8,1.4,0.0
3/18/2019 0:00,8.0,8.3,13.1,1.1,129.9,1.5,0.0
3/19/2019 0:00,7.5,7.2,12.7,1.0,111.1,1.3,2.3
3/20/2019 0:00,5.6,8.6,11.5,1.1,123.6,1.4,13.1
3/21/2019 0:00,3.6,6.6,10.5,1.0,131.2,1.5,0.0
3/22/2019 0:00,5.1,8.8,10.3,1.1,85.5,1.0,3.9
3/23/2019 0:00,5.4,8.0,12.6,1.1,110.5,1.3,13.4
3/24/2019 0:00,6.8,4.5,10.4,0.8,125.1,1.4,0.0
3/25/2019 0:00,8.9,8.1,11.2,1.1,135.6,1.6,9.6
3/26/2019 0:00,4.1,10.6,13.7,1.3,87.0,1.0,1.1
3/27/2019 0:00,5.5,11.0,13.0,1.3,164.1,1.9,8.3
3/28/2019 0:00,4.8,9.4,11.3,1.2,115.4,1.3,3.1
3/29/2019 0:00,6.4,6.5,11.9,1.0,117.6,1.4,0.1
3/30/2019 0:00,5.1,6.8,13.0,1.0,114.2,1.3,0.0
3/31/2019 0:00,7.5,7.7,14.5,1.1,116.6,1.4,0.0
4/1/2019 0:00,6.0,9.0,14.8,1.2,104.3,1.2,0.3
4/2/2019 0:00,5.0,11.2,12.5,1.3,99.0,1.1,6.8
4/3/2019 0:00,3.4,10.4,12.8,1.3,91.0,1.1,0.0
4/4/2019 0:00,3.3,10.5,12.5,1.3,90.7,1.1,1.9
4/5/2019 0:00,4.0,10.6,12.4,1.3,79.2,0.9,8.2
4/6/2019 0:00,3.4,11.6,13.6,1.4,90.2,1.0,0.0
4/7/2019 0:00,6.4,12.4,15.9,1.4,94.1,1.1,0.0
4/8/2019 0:00,6.9,13.1,16.5,1.5,108.7,1.3,0.0
4/9/2019 0:00,5.5,7.7,13.9,1.0,176.7,2.0,0.0
4/10/2019 0:00,6.6,4.7,14.2,0.9,131.8,1.5,0.0
4/11/2019 0:00,8.5,7.0,12.0,1.0,161.1,1.9,0.0
4/12/2019 0:00,7.1,7.6,14.0,1.0,110.0,1.3,0.0
4/13/2019 0:00,6.9,8.9,13.9,1.1,104.8,1.2,0.0
4/14/2019 0:00,7.7,9.4,13.1,1.2,95.3,1.1,0.0
4/15/2019 0:00,6.2,7.3,11.2,1.0,103.0,1.2,3.6
4/16/2019 0:00,4.3,8.3,13.4,1.1,112.6,1.3,0.7
4/17/2019 0:00,6.2,9.4,12.9,1.2,114.8,1.3,0.0
4/18/2019 0:00,7.5,10.2,15.4,1.2,113.4,1.3,0.0
4/19/2019 0:00,5.0,10.6,12.9,1.3,88.4,1.0,0.0
4/20/2019 0:00,4.5,9.3,13.4,1.2,136.5,1.6,0.0
4/21/2019 0:00,10.6,9.0,13.2,1.2,100.6,1.2,0.0
4/22/2019 0:00,11.9,9.6,12.5,1.2,102.7,1.2,0.0
4/23/2019 0:00,11.4,10.4,16.5,1.3,100.1,1.2,0.0
4/24/2019 0:00,21.3,11.9,17.0,1.4,97.0,1.1,0.0
4/25/2019 0:00,11.7,11.3,13.3,1.3,86.2,1.0,0.0
4/26/2019 0:00,9.2,10.9,12.4,1.3,92.6,1.1,0.0
4/27/2019 0:00,11.0,10.4,12.4,1.3,97.5,1.1,0.0
4/28/2019 0:00,12.8,9.0,12.0,1.1,104.0,1.2,0.0
4/29/2019 0:00,10.5,8.9,12.7,1.1,89.8,1.0,0.0
4/30/2019 0:00,11.0,9.0,12.9,1.1,114.2,1.3,0.0
5/1/2019 0:00,10.9,9.3,12.6,1.2,116.2,1.3,0.0
5/2/2019 0:00,7.5,7.0,14.4,1.0,132.8,1.5,0.0
5/3/2019 0:00,9.2,8.4,13.8,1.1,114.3,1.3,0.0
5/4/2019 0:00,9.4,9.3,12.3,1.2,107.1,1.2,0.0
5/5/2019 0:00,5.1,8.3,12.6,1.1,129.3,1.5,0.0
5/6/2019 0:00,2.2,10.0,12.5,1.2,104.4,1.2,0.6
5/7/2019 0:00,1.9,10.0,14.2,1.2,135.6,1.6,0.0
5/8/2019 0:00,5.7,10.6,13.3,1.3,103.9,1.2,0.0
5/9/2019 0:00,5.2,11.1,13.7,1.3,93.7,1.1,1.4
5/10/2019 0:00,3.5,10.5,15.3,1.3,111.3,1.3,0.0
5/11/2019 0:00,5.6,10.7,14.8,1.3,110.9,1.3,0.0
5/12/2019 0:00,7.4,11.3,15.1,1.3,86.2,1.0,0.0
5/13/2019 0:00,7.2,10.2,14.8,1.2,91.2,1.1,0.0
5/14/2019 0:00,6.3,11.2,14.8,1.3,88.0,1.0,0.0
5/15/2019 0:00,5.0,12.1,14.0,1.4,124.2,1.4,15.7
5/16/2019 0:00,5.1,9.7,12.2,1.2,120.9,1.4,4.4
5/17/2019 0:00,5.3,7.6,12.1,1.0,112.3,1.3,0.1
5/18/2019 0:00,5.0,8.6,10.2,1.1,98.1,1.1,38.9
5/19/2019 0:00,3.7,9.5,11.6,1.2,108.3,1.3,14.4
5/20/2019 0:00,4.5,8.9,12.5,1.1,124.0,1.4,0.1
5/21/2019 0:00,4.1,9.9,12.4,1.2,111.1,1.3,5.5
5/22/2019 0:00,4.8,9.5,15.3,1.2,105.3,1.2,0.4
5/23/2019 0:00,8.8,10.9,13.3,1.3,87.3,1.0,0.0
5/24/2019 0:00,3.2,11.2,15.0,1.3,104.2,1.2,0.0
5/25/2019 0:00,8.4,9.5,13.7,1.2,124.6,1.4,0.0
5/26/2019 0:00,5.0,8.2,12.2,1.1,116.5,1.3,1.4
5/27/2019 0:00,4.5,9.4,13.4,1.2,130.4,1.5,0.0
5/28/2019 0:00,5.9,10.8,14.5,1.3,105.8,1.2,0.0
5/29/2019 0:00,13.0,11.4,14.4,1.3,90.9,1.1,0.0
5/30/2019 0:00,3.2,10.8,14.5,1.3,101.8,1.2,0.0
5/31/2019 0:00,6.3,11.5,13.9,1.4,90.5,1.0,0.0
6/1/2019 0:00,5.5,11.6,13.0,1.4,94.6,1.1,0.0
6/2/2019 0:00,2.4,11.6,13.8,1.4,108.6,1.3,0.9
6/3/2019 0:00,5.4,11.9,14.3,1.4,88.2,1.0,0.0
6/4/2019 0:00,11.4,12.3,14.7,1.4,89.8,1.0,0.0
6/5/2019 0:00,11.8,12.3,15.5,1.4,92.4,1.1,0.0
6/6/2019 0:00,7.8,9.4,16.3,1.2,122.6,1.4,0.0
6/7/2019 0:00,8.1,7.6,15.3,1.0,98.6,1.1,0.0
6/8/2019 0:00,8.0,7.5,18.8,1.0,110.6,1.3,0.0
6/9/2019 0:00,7.0,0.0,21.7,1.1,118.4,1.4,0.0
6/10/2019 0:00,9.6,0.0,22.9,1.4,132.1,1.5,0.0
6/11/2019 0:00,10.8,0.0,22.6,1.5,106.0,1.2,0.0
6/12/2019 0:00,10.4,14.5,17.6,1.7,119.3,1.4,0.0
6/13/2019 0:00,5.3,13.0,15.3,1.5,105.6,1.2,0.0
6/14/2019 0:00,5.3,12.5,15.0,1.5,87.0,1.0,0.0
6/15/2019 0:00,4.2,11.7,14.5,1.4,92.2,1.1,0.0
6/16/2019 0:00,5.1,11.7,14.1,1.4,91.4,1.1,0.3
6/17/2019 0:00,4.1,11.5,13.7,1.4,94.1,1.1,0.2
6/18/2019 0:00,6.5,12.8,15.2,1.5,117.0,1.4,0.0
6/19/2019 0:00,2.7,13.3,15.1,1.5,106.2,1.2,0.5
6/20/2019 0:00,3.7,12.5,14.8,1.5,107.7,1.2,1.6
6/21/2019 0:00,9.7,11.0,14.0,1.3,109.2,1.3,0.0
6/22/2019 0:00,11.9,11.9,14.1,1.4,101.3,1.2,0.1
6/23/2019 0:00,11.2,12.1,14.2,1.4,104.9,1.2,0.1
6/24/2019 0:00,9.5,12.7,14.8,1.5,92.7,1.1,0.0
6/25/2019 0:00,8.9,12.5,15.7,1.5,91.5,1.1,0.0
6/26/2019 0:00,3.7,11.6,16.6,1.4,118.6,1.4,0.0
6/27/2019 0:00,4.5,10.0,16.6,1.2,127.9,1.5,0.0
6/28/2019 0:00,5.7,11.2,16.3,1.3,91.3,1.1,0.0
6/29/2019 0:00,5.9,10.7,15.5,1.3,102.8,1.2,0.0
6/30/2019 0:00,7.8,11.8,15.7,1.4,102.1,1.2,0.0
7/1/2019 0:00,8.5,12.3,16.2,1.4,92.9,1.1,0.0
7/2/2019 0:00,8.1,12.0,16.4,1.4,95.1,1.1,0.0
7/3/2019 0:00,8.2,11.6,15.5,1.4,98.7,1.1,0.0
7/4/2019 0:00,10.7,11.7,15.3,1.4,91.9,1.1,0.0
7/5/2019 0:00,10.4,12.3,15.0,1.4,84.9,1.0,0.0
7/6/2019 0:00,10.4,12.0,14.8,1.4,91.8,1.1,0.0
7/7/2019 0:00,11.1,11.8,15.5,1.4,92.4,1.1,0.0
7/8/2019 0:00,7.9,11.8,16.2,1.4,92.6,1.1,0.0
7/9/2019 0:00,0.0,12.5,15.9,1.5,99.1,1.1,0.0
7/10/2019 0:00,0.0,14.1,18.3,1.6,98.2,1.1,0.0
7/11/2019 0:00,3.8,13.7,18.6,1.6,99.1,1.1,0.0
7/12/2019 0:00,4.7,13.1,16.9,1.5,88.9,1.0,0.0
7/13/2019 0:00,5.5,12.8,16.5,1.5,92.4,1.1,0.0
7/14/2019 0:00,5.8,12.5,16.1,1.5,89.0,1.0,0.0
7/15/2019 0:00,0.0,12.6,19.4,1.5,117.8,1.4,0.0
7/16/2019 0:00,4.4,13.3,16.5,1.5,87.5,1.0,0.0
7/17/2019 0:00,5.6,12.7,15.4,1.5,94.1,1.1,0.0
7/18/2019 0:00,2.4,12.9,15.0,1.5,102.0,1.2,0.0
7/19/2019 0:00,5.3,13.4,15.2,1.5,91.0,1.1,0.0
7/20/2019 0:00,3.8,12.8,16.2,1.5,121.5,1.4,0.0
7/21/2019 0:00,4.6,12.8,15.2,1.5,99.4,1.2,0.0
7/22/2019 0:00,5.7,13.0,15.3,1.5,90.5,1.0,0.0
7/23/2019 0:00,5.1,13.0,16.4,1.5,86.4,1.0,0.0
7/24/2019 0:00,9.1,12.2,17.9,1.4,85.7,1.0,0.0
7/25/2019 0:00,10.2,13.1,16.6,1.5,88.7,1.0,0.0
7/26/2019 0:00,4.0,13.3,16.1,1.5,92.4,1.1,0.0
7/27/2019 0:00,3.6,13.3,15.7,1.5,92.6,1.1,0.0
7/28/2019 0:00,5.8,12.9,15.3,1.5,88.3,1.0,0.0
7/29/2019 0:00,8.0,13.1,16.0,1.5,86.9,1.0,0.0
7/30/2019 0:00,6.6,12.4,16.0,1.4,93.4,1.1,0.0
7/31/2019 0:00,7.0,12.7,14.7,1.5,90.6,1.0,0.0
8/1/2019 0:00,3.5,13.7,16.3,1.6,79.5,0.9,0.2
8/2/2019 0:00,2.8,13.8,17.1,1.6,92.4,1.1,0.0
8/3/2019 0:00,2.9,13.2,16.5,1.5,93.7,1.1,0.2
8/4/2019 0:00,5.7,13.6,17.0,1.6,86.1,1.0,0.1
8/5/2019 0:00,8.3,13.2,15.4,1.5,87.4,1.0,0.1
8/6/2019 0:00,7.5,13.2,15.0,1.5,87.2,1.0,0.1
8/7/2019 0:00,6.2,13.2,16.4,1.5,86.9,1.0,0.0
8/8/2019 0:00,4.1,11.3,17.1,1.3,132.3,1.5,0.0
8/9/2019 0:00,4.1,12.7,18.2,1.5,96.2,1.1,0.0
8/10/2019 0:00,4.2,14.1,19.6,1.6,125.8,1.5,0.0
8/11/2019 0:00,4.2,13.2,18.3,1.5,101.4,1.2,0.0
8/12/2019 0:00,5.9,12.0,18.7,1.4,106.6,1.2,0.0
8/13/2019 0:00,6.5,12.5,18.0,1.4,100.1,1.2,0.0
8/14/2019 0:00,7.9,13.0,19.4,1.5,98.0,1.1,0.1
8/15/2019 0:00,9.4,13.6,19.5,1.6,93.2,1.1,0.1
8/16/2019 0:00,8.7,13.7,15.8,1.6,96.3,1.1,0.0
8/17/2019 0:00,6.7,13.3,15.4,1.5,99.7,1.2,0.0
8/18/2019 0:00,2.0,14.0,15.6,1.6,107.8,1.2,0.0
8/19/2019 0:00,2.8,13.8,16.1,1.6,86.3,1.0,0.0
8/20/2019 0:00,4.3,13.3,18.0,1.5,99.7,1.2,0.0
8/21/2019 0:00,5.4,13.7,18.5,1.6,104.0,1.2,0.0
8/22/2019 0:00,6.1,16.1,19.1,1.8,85.3,1.0,0.0
8/23/2019 0:00,4.5,14.1,16.5,1.6,104.4,1.2,0.0
8/24/2019 0:00,6.2,14.4,17.5,1.6,98.0,1.1,0.0
8/25/2019 0:00,5.2,14.3,17.2,1.6,90.6,1.0,0.0
8/26/2019 0:00,3.2,13.0,16.2,1.5,81.8,0.9,0.0
8/27/2019 0:00,3.1,13.7,16.5,1.6,88.1,1.0,0.0
8/28/2019 0:00,5.0,15.0,17.2,1.7,98.1,1.1,0.0
8/29/2019 0:00,7.8,15.2,19.6,1.7,87.3,1.0,0.0
8/30/2019 0:00,6.4,13.7,18.8,1.6,109.4,1.3,0.0
8/31/2019 0:00,8.2,13.9,18.0,1.6,92.2,1.1,0.0
9/1/2019 0:00,6.9,13.6,20.2,1.6,102.9,1.2,0.0
9/2/2019 0:00,6.0,14.1,18.7,1.6,94.4,1.1,0.0
9/3/2019 0:00,5.6,13.2,18.6,1.5,92.0,1.1,0.1
9/4/2019 0:00,7.9,13.8,17.9,1.6,87.7,1.0,0.0
9/5/2019 0:00,5.8,13.8,18.0,1.6,84.9,1.0,0.0
9/6/2019 0:00,4.9,13.2,17.7,1.5,92.4,1.1,0.0
9/7/2019 0:00,3.8,12.7,17.0,1.5,142.0,1.6,0.0
9/8/2019 0:00,3.1,12.5,18.3,1.5,143.5,1.7,0.0
9/9/2019 0:00,3.7,12.1,17.4,1.4,124.0,1.4,0.0
9/10/2019 0:00,3.5,12.1,17.1,1.4,130.1,1.5,0.1
9/11/2019 0:00,5.5,12.6,21.7,1.5,115.2,1.3,0.0
9/12/2019 0:00,7.7,10.4,22.8,1.3,125.0,1.4,0.0
9/13/2019 0:00,10.1,0.0,0.0,1.1,142.3,1.6,0.0
9/14/2019 0:00,7.9,10.4,19.8,1.3,113.7,1.3,0.0
9/15/2019 0:00,5.8,13.2,16.3,1.5,84.8,1.0,0.1
9/16/2019 0:00,2.9,13.0,18.3,1.5,103.7,1.2,3.3
9/17/2019 0:00,4.8,10.0,17.4,1.2,128.2,1.5,0.0
9/18/2019 0:00,5.4,12.5,17.3,1.5,119.1,1.4,0.0
9/19/2019 0:00,4.7,11.0,16.6,1.3,102.0,1.2,0.0
9/20/2019 0:00,7.0,11.0,17.9,1.3,118.3,1.4,0.0
9/21/2019 0:00,6.7,9.6,20.5,1.2,125.7,1.5,0.0
9/22/2019 0:00,4.7,10.8,17.9,1.3,111.9,1.3,0.0
9/23/2019 0:00,6.1,12.7,17.9,1.5,104.6,1.2,0.0
9/24/2019 0:00,8.8,10.5,22.5,1.3,130.3,1.5,0.3
9/25/2019 0:00,8.0,10.7,23.0,1.3,122.2,1.4,0.0
9/26/2019 0:00,8.3,15.0,18.8,1.7,143.1,1.7,0.1
9/27/2019 0:00,5.2,14.0,17.8,1.6,101.0,1.2,0.2
9/28/2019 0:00,7.2,8.1,14.5,1.1,155.9,1.8,0.0
9/29/2019 0:00,6.0,6.9,12.9,1.0,129.3,1.5,0.0
9/30/2019 0:00,4.7,7.1,13.5,1.0,147.7,1.7,0.0
10/1/2019 0:00,2.8,5.6,13.2,0.9,133.9,1.6,0.0
10/2/2019 0:00,4.5,4.6,15.1,0.8,144.4,1.7,0.0
10/3/2019 0:00,4.7,5.4,14.1,0.9,131.5,1.5,0.0
10/4/2019 0:00,5.9,5.9,14.0,0.9,119.6,1.4,0.0
10/5/2019 0:00,5.2,4.3,17.0,0.8,119.8,1.4,0.1
10/6/2019 0:00,4.8,4.0,18.5,0.8,123.3,1.4,0.0
10/7/2019 0:00,5.9,7.4,17.9,1.0,117.7,1.4,0.0
10/8/2019 0:00,8.6,8.5,16.2,1.1,112.8,1.3,0.0
10/9/2019 0:00,7.2,9.7,14.3,1.2,88.9,1.0,0.0
10/10/2019 0:00,6.0,-1.9,16.7,0.5,107.4,1.2,0.0
10/11/2019 0:00,7.7,-3.2,17.5,0.5,149.6,1.7,0.0
10/12/2019 0:00,7.0,3.5,16.1,0.8,120.7,1.4,0.0
10/13/2019 0:00,7.7,6.2,13.1,0.9,110.9,1.3,0.0
10/14/2019 0:00,9.2,8.3,11.3,1.1,94.2,1.1,0.0
10/15/2019 0:00,9.7,8.2,12.0,1.1,82.9,1.0,0.1
10/16/2019 0:00,9.2,8.7,12.1,1.1,85.8,1.0,0.0
10/17/2019 0:00,5.1,8.5,14.9,1.1,137.0,1.6,0.0
10/18/2019 0:00,7.7,8.0,13.9,1.1,116.9,1.4,0.0
10/19/2019 0:00,9.1,9.6,13.8,1.2,115.2,1.3,0.0
10/20/2019 0:00,5.8,9.7,15.0,1.2,91.4,1.1,0.1
10/21/2019 0:00,7.0,8.3,17.5,1.1,118.5,1.4,0.0
10/22/2019 0:00,6.4,6.6,20.9,1.0,105.8,1.2,0.0
10/23/2019 0:00,7.9,7.9,19.9,1.1,107.0,1.2,0.0
10/24/2019 0:00,0.0,0.0,0.0,0.7,125.5,1.5,0.0
10/25/2019 0:00,0.0,0.0,23.9,0.7,126.5,1.5,0.0
10/26/2019 0:00,0.0,6.2,16.7,0.9,107.6,1.2,0.0
10/27/2019 0:00,0.0,-2.4,16.2,0.5,137.1,1.6,0.0
10/28/2019 0:00,0.0,-7.4,14.5,0.4,116.2,1.3,0.0
10/29/2019 0:00,11.2,-3.9,13.3,0.5,126.0,1.5,0.0
10/30/2019 0:00,7.7,-5.6,14.8,0.4,116.0,1.3,0.0
10/31/2019 0:00,10.0,-4.1,14.4,0.5,143.6,1.7,0.0
11/1/2019 0:00,7.3,-2.5,14.3,0.5,126.1,1.5,0.0
11/2/2019 0:00,8.2,-0.7,15.5,0.6,126.7,1.5,0.0
11/3/2019 0:00,8.2,0.8,14.3,0.6,123.2,1.4,0.0
11/4/2019 0:00,9.8,4.9,13.5,0.9,97.0,1.1,0.0
11/5/2019 0:00,10.3,7.4,11.6,1.0,75.5,0.9,0.0
11/6/2019 0:00,10.5,8.7,11.4,1.1,81.3,0.9,0.0
11/7/2019 0:00,14.5,9.3,10.9,1.2,89.4,1.0,0.0
11/8/2019 0:00,16.8,8.7,11.7,1.1,81.2,0.9,0.0
11/9/2019 0:00,14.6,8.7,11.4,1.1,81.4,0.9,0.0
11/10/2019 0:00,11.7,7.7,11.5,1.1,80.9,0.9,0.0
11/11/2019 0:00,8.9,7.8,14.1,1.1,88.1,1.0,0.0
11/12/2019 0:00,7.5,8.3,13.0,1.1,90.4,1.0,0.0
11/13/2019 0:00,9.6,9.5,11.0,1.2,86.1,1.0,0.0
11/14/2019 0:00,7.9,11.0,13.2,1.3,68.9,0.8,0.0
11/15/2019 0:00,4.9,11.2,14.6,1.3,85.6,1.0,0.0
11/16/2019 0:00,8.1,10.0,13.7,1.2,100.8,1.2,0.0
11/17/2019 0:00,7.8,7.7,16.8,1.1,115.1,1.3,0.0
11/18/2019 0:00,8.8,6.9,16.4,1.0,104.8,1.2,0.0
11/19/2019 0:00,7.4,8.8,13.4,1.1,132.0,1.5,0.0
11/20/2019 0:00,7.2,3.1,12.9,0.8,52.6,0.6,0.0
11/21/2019 0:00,9.7,7.1,11.3,1.0,47.4,0.5,0.0
11/22/2019 0:00,9.7,7.1,12.0,1.0,61.2,0.7,0.0
11/23/2019 0:00,10.3,6.0,14.2,0.9,83.2,1.0,0.0
11/24/2019 0:00,9.8,4.0,13.0,0.8,111.2,1.3,0.0
11/25/2019 0:00,9.6,1.3,10.9,0.7,122.9,1.4,0.0
11/26/2019 0:00,7.2,2.8,9.4,0.7,88.6,1.0,25.6
11/27/2019 0:00,13.7,5.4,6.8,0.9,63.3,0.7,8.4
11/28/2019 0:00,3.0,4.0,5.6,0.8,82.7,1.0,2.2
11/29/2019 0:00,5.0,3.8,5.2,0.8,93.7,1.1,2.8
11/30/2019 0:00,4.3,6.5,7.2,1.0,98.0,1.1,31.6
12/1/2019 0:00,3.9,10.3,11.0,1.3,97.6,1.1,93.2
12/2/2019 0:00,4.6,11.6,12.2,1.4,83.4,1.0,58.7
12/3/2019 0:00,4.6,11.6,12.7,1.4,78.9,0.9,3.4
12/4/2019 0:00,4.8,12.0,12.8,1.4,65.2,0.8,22.0
12/5/2019 0:00,4.1,11.1,12.7,1.3,85.0,1.0,0.1
12/6/2019 0:00,4.2,10.9,13.8,1.3,110.1,1.3,13.6
12/7/2019 0:00,5.2,13.2,14.2,1.5,213.0,2.5,11.2
12/8/2019 0:00,3.9,12.0,12.8,1.4,74.2,0.9,5.7
12/9/2019 0:00,6.1,9.5,10.4,1.2,65.7,0.8,0.1
12/10/2019 0:00,7.3,9.1,11.0,1.2,76.0,0.9,3.0
12/11/2019 0:00,5.2,11.7,12.4,1.4,58.7,0.7,2.9
12/12/2019 0:00,5.0,14.0,14.7,1.6,50.9,0.6,3.0
12/13/2019 0:00,6.7,12.6,13.4,1.5,70.5,0.8,0.2
12/14/2019 0:00,4.2,7.9,10.6,1.1,78.1,0.9,0.6
12/15/2019 0:00,4.8,5.5,8.9,0.9,81.6,0.9,0.2
12/16/2019 0:00,5.5,4.4,8.3,0.8,100.9,1.2,0.0
12/17/2019 0:00,6.4,2.3,9.5,0.7,140.3,1.6,0.0
12/18/2019 0:00,6.8,9.1,10.3,1.2,91.2,1.1,23.5
12/19/2019 0:00,4.8,9.4,10.7,1.2,97.1,1.1,0.1
12/20/2019 0:00,5.1,7.8,10.6,1.1,122.8,1.4,0.1
12/21/2019 0:00,7.3,8.3,10.5,1.1,129.6,1.5,0.0
12/22/2019 0:00,3.4,8.3,11.0,1.1,137.3,1.6,14.2
12/23/2019 0:00,3.5,5.2,8.2,0.9,102.6,1.2,0.1
12/24/2019 0:00,6.3,5.6,6.6,0.9,88.0,1.0,0.7
12/25/2019 0:00,4.1,6.9,8.3,1.0,73.1,0.8,9.5
12/26/2019 0:00,4.3,3.4,9.1,0.8,110.1,1.3,0.3
12/27/2019 0:00,5.6,1.3,7.2,0.7,134.0,1.6,0.0
12/28/2019 0:00,6.7,3.7,7.1,0.8,129.9,1.5,0.0
12/29/2019 0:00,8.6,7.1,8.7,1.0,84.0,1.0,6.8
12/30/2019 0:00,7.0,7.5,9.9,1.0,91.1,1.1,0.2
12/31/2019 0:00,9.2,6.3,9.3,1.0,106.0,1.2,0.0
